Generator,Average,KS Test,Z Test,Chi Squared Test,Product of successive values,Correlation Coefficient
Hadamard1Bit,127.40243,0.0048827450980392095,2.032663101785331,0.5951314285714286,0.24945818024117086,-0.0018945191500435985
Hadamard8Bit,127.32316,0.005420784313725502,-1.4947693051553321,1.67536,0.24965780069180588,0.004214895620414322
RY1Bit,127.54492,0.005770196078431322,2.572197569753177,1.0667200000000001,0.2501437800229604,-0.00034321348953121367
RY8Bit,127.66872,0.004663921568627494,-2.9824836566875588,1.0851428571428572,0.25121480295925325,0.006600381577884817
Uniform1Bit,127.67664,0.004793725490196077,-3.754691931336536,0.9986514285714286,0.250667623169887,-0.00029054638755980107
Uniform8Bit,127.72951,0.004834901960784288,0.05637366659326177,0.7374628571428572,0.25115405863785706,0.0030503774251494048
LCG,127.68346,0.004189019607843125,17.35631532234397,1.6706285714285716,0.25107025849189474,0.004265316457802895
KISS,127.47637,0.002389411764705862,20.856891643624305,0.7246171428571428,0.2478409337726601,-0.024832372035305448
Hadamard1Bit,127.09868,0.00582372549019608,-3.8193221319360355,1.0061714285714287,0.2484916741516492,0.0007827163318314755
Hadamard8Bit,127.13012,0.007305098039215668,-3.5251198776964623,2.1836114285714285,0.2488931365284424,0.004044015609973276
RY1Bit,127.53303,0.004659803921568728,-2.531567775815478,0.9027657142857143,0.2503154466377409,0.0022271226015162984
RY8Bit,127.65959,0.004305294117647129,0.4769089916452086,1.9504914285714285,0.2509574913511516,0.0039783292219562
Uniform1Bit,127.53246,0.004090196078431418,-0.4555385790582402,0.3253257142857143,0.2497313362214754,-0.004767566778775801
Uniform8Bit,127.61416,0.005532156862745108,1.5907218392642195,0.9106742857142858,0.25013930554530317,-0.003647237136133411
LCG,127.10922,0.005321176470588218,15.29333024028781,1.9968228571428572,0.24831086757618537,-0.0019243552870655185
KISS,127.48226,0.002318823529411762,22.04477633930786,0.50768,0.24783378445087925,-0.025173212428514
Hadamard1Bit,127.22408,0.004947843137254909,2.1760184009655608,0.4317714285714286,0.24893678802224323,0.000170548654290781
Hadamard8Bit,127.78157,0.0058119607843137855,2.129707380781469,1.3907885714285715,0.25108906437007067,-0.00022632732571818156
RY1Bit,127.7388,0.006658431372548956,-1.7139200997029889,0.9119542857142857,0.2511859437702425,0.00289709459952938
RY8Bit,126.93862,0.006672156862745082,2.09669285971069,1.7011428571428573,0.24759521243809055,-0.0024525075593176014
Uniform1Bit,127.03741,0.005836862745098037,4.523743379812489,1.4788114285714287,0.248034716717793,-0.0018388605070903802
Uniform8Bit,127.18906,0.006179411764705878,-2.0442829770751616,1.02192,0.24838705595821872,-0.0046525799009370095
LCG,127.67165,0.004265882352941175,13.958239368809089,1.3185828571428573,0.25105373252886554,0.0045930961832350535
KISS,127.58254,0.0025570588235294123,23.41688700846695,0.6385142857142857,0.2482464307918746,-0.024883154846270693
Hadamard1Bit,127.50405,0.004673725490196068,-3.619283925401461,0.3047542857142857,0.24988393044253068,-0.0015648897689740742
Hadamard8Bit,127.29119,0.004739999999999994,0.5332604327476003,1.2148571428571429,0.24906717979136425,-0.0013571070494437598
RY1Bit,127.4674,0.004188823529411745,-0.04299495099376854,0.1660114285714286,0.24969474592862057,-0.002093239715016897
RY8Bit,127.44093,0.004377450980392154,-0.07610143428543725,0.42553142857142856,0.25014527084909505,0.004479721006776878
Uniform1Bit,127.01401,0.006302745098039214,-1.1772606188672061,1.65872,0.24819843800129646,0.0011980135176466722
Uniform8Bit,127.76675,0.006532745098039139,-3.627786052354251,2.6362514285714287,0.2512572642835234,0.0025040472838030385
LCG,127.39271,0.0040294117647058925,15.54703414663261,1.1901485714285716,0.24954095307965696,-0.0004736012301017691
KISS,127.52982,0.0023492156862744973,21.760452444659567,0.76192,0.2480223996396065,-0.02510589244429635
Hadamard1Bit,127.36434,0.004313725490196079,-3.272037161052194,1.0029485714285715,0.24987515173114017,0.004877831215006122
Hadamard8Bit,127.67286,0.004602745098039214,-2.4894339485084056,0.8701942857142857,0.2503206031675825,-0.004227753801537631
RY1Bit,127.30307,0.005613137254901951,-0.6558894481792471,1.49424,0.24953799695628828,0.0036544118490855412
RY8Bit,127.68385,0.005733529411764637,-1.7452497199193735,0.8671542857142858,0.25075915964849577,0.0004191904049807445
Uniform1Bit,127.31393,0.006037843137254917,1.3547928847336284,1.0414400000000001,0.24942374206517925,0.0018248844972071406
Uniform8Bit,127.12242,0.0067547058823529404,0.9229078527958949,1.0123657142857143,0.24812573154566325,-0.004722151881277346
LCG,127.35904,0.004244117647058898,16.12743272631452,3.3461028571428573,0.2493090259622313,-0.0016488224372249102
KISS,127.49519,0.002259019607843138,24.019159321878597,0.6925485714285714,0.24791305875381062,-0.024828306389382652
Hadamard1Bit,127.15304,0.00522235294117647,0.31246820901011757,0.75488,0.2488306105667773,0.002231841783248457
Hadamard8Bit,127.27115,0.005375490196078414,-4.282762414044979,2.965074285714286,0.248779698715862,-0.0037973749839442334
RY1Bit,127.80004,0.005510392156862776,-6.171844961944668,1.0318628571428572,0.25072620599331674,-0.005409892348988953
RY8Bit,127.72185,0.004808627450980318,0.5676063876234674,0.6584457142857143,0.2506510439960168,-0.0026280313434810434
Uniform1Bit,127.45493,0.0040968627450980385,-3.3022112288848344,1.2052114285714286,0.24957114023273871,-0.0030079873134966502
Uniform8Bit,127.60617,0.004576862745098054,-2.399108143358747,0.4870628571428572,0.2502771459087132,-0.0016731865569670134
LCG,127.45205,0.0037358823529411445,12.720711225756837,2.2021485714285713,0.2503761794249987,0.006760631679705379
KISS,127.46328,0.002439411764705912,21.558158055256698,0.7451428571428572,0.24781784657523678,-0.02446021494690592
Hadamard1Bit,127.72306,0.005997647058823552,2.3678610120883463,0.9846857142857143,0.2507230594797289,-0.0017995985549016694
Hadamard8Bit,127.82116,0.005760392156862748,1.4929030364709135,0.5679314285714286,0.2517146284880759,0.0053502387817856295
RY1Bit,127.41775,0.004816470588235311,-1.9045586721822325,0.2870857142857143,0.2493079606689926,-0.004370200675434655
RY8Bit,127.36112,0.004521764705882336,-1.6830688892578698,0.9523428571428572,0.24974795138185676,0.0034702552028747116
Uniform1Bit,127.44512,0.004881372549019547,0.6681355448686831,1.1685028571428573,0.2495588442235813,-0.0026553062641343924
Uniform8Bit,127.54538,0.004960980392156755,-0.8068604437626083,0.9176000000000001,0.250251010776158,0.0009106553519775196
LCG,127.58923,0.0038188235294117634,16.031710843100637,0.9664685714285715,0.2507067772715386,0.004230158149830474
KISS,127.5075,0.0023298039215686184,22.304104768820608,0.45712,0.24792041799695363,-0.025280039217732937
Hadamard1Bit,128.04708,0.006471960784313668,1.6663259172137366,1.8047542857142858,0.2524553733042104,0.003632653331518096
Hadamard8Bit,127.83098,0.005936666666666701,-3.0803284833575972,0.7159085714285714,0.2513860552677024,0.0010604785188654063
RY1Bit,127.2968,0.004696470588235302,-2.606148451360355,0.7627428571428572,0.2491848803147767,-0.00021307816362511363
RY8Bit,127.74869,0.006914117647058848,-0.28389898266258634,1.2164114285714287,0.251268538675389,0.0034717586717265656
Uniform1Bit,127.56931,0.004613725490196008,1.0664210131952891,0.5242514285714286,0.25068803706106824,0.0049174079583113985
Uniform8Bit,127.37045,0.004560196078431389,-0.8826097385695657,0.3730057142857143,0.24920928009741614,-0.0033695514429935482
LCG,127.58113,0.00385176470588236,14.553956739594444,2.556502857142857,0.25072960841104047,0.004982355588390537
KISS,127.56173,0.002409411764705882,21.954457225786708,0.7020342857142857,0.24818560619285607,-0.02466764034257569
Hadamard1Bit,127.36502,0.005640980392156852,-4.333378778353025,0.7976228571428572,0.24952090412869052,0.0006268524399776737
Hadamard8Bit,127.29806,0.00460313725490194,4.020470741168894,0.32754285714285714,0.24940233239318074,0.002299404242868552
RY1Bit,127.19573,0.004989019607843148,-0.03140498247159409,0.6443885714285714,0.24907892600648002,0.0032769720345117706
RY8Bit,127.054,0.005672549019607842,-0.6419891405150612,0.6415314285714286,0.24845211912326362,0.0023492035642766872
Uniform1Bit,126.775,0.008023921568627412,3.847882586509179,2.230102857142857,0.24717782571904995,0.0001279273480408934
Uniform8Bit,127.15199,0.005740980392156869,2.1500122426132426,2.022674285714286,0.24852198218252425,-0.0013479803613712642
LCG,127.69382,0.004825294117647094,15.559629949596971,2.675977142857143,0.2505086118142991,-0.0030453226439166874
KISS,127.55244,0.002516666666666667,22.27937686730911,0.7653028571428572,0.2481159339851764,-0.025072840882039232
Hadamard1Bit,127.65237,0.0049605882352941055,0.5324406171932499,0.4317257142857143,0.2508457259889788,0.0029267492873003864
Hadamard8Bit,127.95091,0.005690196078431353,-0.5064414996619313,0.7808685714285715,0.25182183924876556,0.0005918539542942428
RY1Bit,127.16756,0.00554196078431371,0.8738373503885314,1.2241371428571428,0.24847204289035968,-0.0027310582509719227
RY8Bit,127.96799,0.006688431372549042,0.5887402556082401,1.399222857142857,0.2519042060855085,0.000821522241684795
Uniform1Bit,127.23415,0.005393137254901981,-0.641462337519925,0.9150628571428572,0.24894337986055295,-0.00018285896389037492
Uniform8Bit,127.87838,0.005477450980392207,-2.2445193034272024,1.9000457142857143,0.25140903158358613,-0.0009457944637969393
LCG,127.60247,0.00392058823529412,17.423243063387936,1.206697142857143,0.25048027566012004,0.0009594787552102631
KISS,127.47453,0.0024792156862745163,22.901024224220286,0.7103085714285715,0.24783434162677,-0.024826884746312405
Hadamard1Bit,127.75542,0.004991176470588221,-1.7466401678381533,0.6586514285714286,0.2507979019044306,-0.0024373577056029314
Hadamard8Bit,127.37833,0.005271176470588224,-1.734752758510639,1.5071085714285715,0.24960837597610833,0.0010623125681731703
RY1Bit,127.02688,0.0067560784313725475,2.788243202854297,1.3303314285714287,0.24819093727269467,0.0005113010365486537
RY8Bit,127.1321,0.00593588235294118,3.472788078557835,1.3271085714285715,0.2479316873137957,-0.007453910611609308
Uniform1Bit,127.81584,0.006257058823529449,-1.5297008780930312,0.7309257142857143,0.2513490312911525,0.0013137371537888807
Uniform8Bit,127.43022,0.004032352941176473,-0.5917898917396754,0.8254171428571428,0.24967553358732242,-0.0006209882704898892
LCG,127.19708,0.005703333333333338,14.713944168236207,1.3902171428571428,0.2489229691989363,0.0013396373738140967
KISS,127.47313,0.0023494117647058776,21.528756811229915,0.6905828571428572,0.24783999796937609,-0.0246773912804856
Hadamard1Bit,127.92446,0.00509764705882354,-1.4842386549101008,0.6546742857142858,0.2516864075215131,0.0002416571262654471
Hadamard8Bit,127.61081,0.00527215686274507,-1.178293957186353,1.115017142857143,0.25068831141982884,0.003000590702010421
RY1Bit,127.78675,0.005536666666666634,-1.1743791462106639,0.5986057142857143,0.25124699613009305,0.0014459451485367297
RY8Bit,127.02865,0.006476666666666686,-2.5801360393497808,1.7339200000000001,0.24810542438372976,-0.0006250215878437792
Uniform1Bit,127.94662,0.006010980392156862,-3.182785958777294,1.8079314285714287,0.2520564152200536,0.0036040172771890904
Uniform8Bit,127.36459,0.0052492156862745665,1.8041920017333746,0.9620114285714286,0.24894637504621467,-0.006178049748928594
LCG,127.7559,0.005168627450980401,13.917267565665474,2.7839542857142856,0.2505422267602108,-0.0055650362516647634
KISS,127.51733,0.0023772549019608347,22.99717438453035,0.47184000000000004,0.24795015470339396,-0.025410121122622538
Hadamard1Bit,127.76035,0.0052119607843137405,2.1624928680878335,1.1068342857142857,0.25144642895870906,0.005047852200436718
Hadamard8Bit,127.68293,0.004685882352941179,-2.263754409628075,0.8480228571428572,0.25048841999377186,-0.002732407924224547
RY1Bit,127.11203,0.005674705882352971,-1.7296994777758465,1.27984,0.2486507327203191,0.002044180784588729
RY8Bit,127.46775,0.0046249019607843,-0.798730023801106,0.5080914285714286,0.2500800502045798,0.0024665542584138317
Uniform1Bit,127.64469,0.004208039215686243,-0.8192748541994604,0.6975085714285715,0.2506823161272701,0.0013884880828179285
Uniform8Bit,127.71789,0.005005098039215672,2.336430657366091,0.9816914285714287,0.25042378512981545,-0.005118232354877276
LCG,127.34687,0.00454078431372551,15.46789982730081,1.6992228571428571,0.24951960630717238,0.001384100566125668
KISS,127.55892,0.002509411764705871,22.57949057152482,0.7676114285714286,0.24818801652068892,-0.024537959531639068
Hadamard1Bit,127.41675,0.004917843137254907,-3.5938700776213253,0.39853714285714287,0.24937870862752973,-0.0035238027536419214
Hadamard8Bit,127.6402,0.004876470588235371,-4.4818358598983,0.9134628571428571,0.25105161593714875,0.0060056647677098896
RY1Bit,127.65734,0.004699607843137166,-6.057732336296235,0.8279314285714287,0.25098787381568377,0.0044392202303313805
RY8Bit,127.18907,0.00581392156862745,0.8698487475560784,1.22112,0.24876023139316256,-0.0002344193373106007
Uniform1Bit,127.74221,0.004950392156862771,-1.5911797518007431,0.8527542857142858,0.2510640600446771,0.001355750845456424
Uniform8Bit,127.50977,0.004216862745098027,-5.259844940196018,0.7970971428571428,0.25032792242570656,0.0034785558735321823
LCG,127.56222,0.0038358823529411334,17.685913588100945,1.968297142857143,0.250103007296893,-0.0017325832784336748
KISS,127.51129,0.0021990196078431334,22.774424546858768,0.7129142857142857,0.24796125592936108,-0.025010988786706444
Hadamard1Bit,127.91909,0.005703725490196043,-4.6357346641593855,1.3853714285714287,0.2516296438627573,-0.00021089899823112116
Hadamard8Bit,127.50923,0.004676470588235296,2.4044573913411034,0.3979657142857143,0.2504504940474246,0.004938098681838212
RY1Bit,127.52601,0.004570196078431371,0.6421234416830318,0.30939428571428573,0.25035061438657136,0.0029338307846783914
RY8Bit,127.38892,0.005032745098039304,-0.7880806222052041,0.36022857142857145,0.24948426939094498,-0.0009546323557619918
Uniform1Bit,127.39231,0.00421372549019608,2.008697004671658,0.35243428571428576,0.24944846664921583,-0.0015248470369275124
Uniform8Bit,127.54468,0.004713333333333347,-1.8077823007853255,0.3399314285714286,0.2500211756442807,-0.001830119966441721
LCG,127.39295,0.004307843137254852,15.164235224340073,1.0760228571428572,0.24970893999597352,0.0015093163868475342
KISS,127.50238,0.0022788235294117776,22.19788989656126,0.7425371428571429,0.2479341688457265,-0.02490992387639749
Hadamard1Bit,127.49574,0.004744901960784309,1.5002820223713225,0.6369371428571429,0.2504161272293209,0.0051072496324980725
Hadamard8Bit,127.41861,0.0044607843137254855,3.046126287712788,0.8336457142857143,0.24961848234399014,-0.0007467994903201664
RY1Bit,127.51142,0.004853725490196081,-1.892960044602951,1.1704685714285714,0.25019188446401713,0.0017504367282848853
RY8Bit,127.58498,0.004482941176470523,-3.0832821036446005,0.6729371428571429,0.2504951620834851,0.0019339166375910359
Uniform1Bit,127.76611,0.005080980392156764,1.675353105756042,1.2844114285714285,0.2512660502229723,0.0026657029035776917
Uniform8Bit,127.75109,0.005553333333333299,1.3276764180651537,1.6572342857142859,0.25105705605306866,0.0008158723525875771
LCG,127.35094,0.003978627450980321,15.809075211225728,0.6737828571428571,0.24969773650062427,0.003360665919258549
KISS,127.45494,0.002528039215686284,21.684469033259226,0.65536,0.2477477918954509,-0.024883859287364262
Hadamard1Bit,127.56512,0.004105882352941181,-1.9279998396592786,0.20217142857142859,0.24992901078568533,-0.003916208859498179
Hadamard8Bit,127.62222,0.004512156862745087,-0.44892219142230644,0.7920914285714286,0.2505263820804311,0.0005174669854602821
RY1Bit,127.39883,0.00430529411764706,-0.14340504580336103,0.55808,0.2493640491960433,-0.002893220591204558
RY8Bit,127.81936,0.005905686274509714,-2.0107390642248077,1.6206857142857143,0.25146453786721423,0.002505232546464586
Uniform1Bit,127.80743,0.005867843137254913,4.523156240169581,2.157622857142857,0.25174361962765857,0.006391246779191667
Uniform8Bit,127.50192,0.004479607843137279,-0.9170454315728674,0.7031314285714286,0.24975164476750503,-0.003010949073613426
LCG,127.78551,0.005077450980392251,14.871420788161831,0.7331428571428572,0.25184249135839754,0.008619063872206269
KISS,127.55002,0.0023696078431372225,21.97246421808533,0.5188571428571429,0.2480796235874713,-0.02537041390337689
Hadamard1Bit,127.43089,0.004819019607843145,-0.300591521270815,0.6504,0.2495630060491302,-0.0019392711402219502
Hadamard8Bit,127.29832,0.005595490196078412,-0.5746088370572342,1.9182171428571428,0.24855960562681112,-0.007761108278255676
RY1Bit,127.49275,0.004863333333333331,-3.1130179739109822,0.7148800000000001,0.25018597590819713,0.002582730214541255
RY8Bit,127.50325,0.004254901960784263,0.06120740242441989,0.24443428571428572,0.2501569949186583,0.0017393921464420854
Uniform1Bit,127.95431,0.007682745098039234,-2.24492098276606,1.7690057142857143,0.2522033286461256,0.0049970118275713925
Uniform8Bit,127.50141,0.004365882352941219,2.3417001105827984,0.7239085714285715,0.25034889456929965,0.0041250184702909184
LCG,127.70477,0.004816666666666691,12.879931931607164,1.6049371428571428,0.2511077398355698,0.0036590339947667515
KISS,127.56116,0.0025052941176471055,22.13950151347215,0.6876114285714287,0.2482024524974212,-0.024428654000862363
Hadamard1Bit,127.29297,0.0053545098039215755,-3.0507061056630937,0.7444342857142857,0.24908717291709534,-0.0012271260250614148
Hadamard8Bit,127.48144,0.00489490196078432,0.6484461075118075,0.6479542857142857,0.24951928811867793,-0.004873151150768875
RY1Bit,127.58939,0.004207254901960833,-1.8604427465705167,0.8312228571428572,0.25030297377175736,-0.0005937552781077589
RY8Bit,127.43213,0.00461156862745099,-2.1842308632277816,0.20761142857142859,0.2503711876026882,0.007553506217327318
Uniform1Bit,127.33112,0.005654313725490197,2.7093121477996607,1.0122514285714286,0.2489070650029803,-0.005104024009821238
Uniform8Bit,127.60334,0.006078823529411803,-2.8355177888153134,1.0352685714285714,0.25002641583509333,-0.004542346859577317
LCG,127.47912,0.004804313725490228,14.564437797212555,1.9360000000000002,0.25005787112849887,0.0016587189201223238
KISS,127.49823,0.0023090196078431324,23.350599131364852,0.7717942857142858,0.24793324365385208,-0.024700401818701194
Hadamard1Bit,127.46054,0.0049280392156862765,1.999910879698342,0.7223542857142857,0.2499990339388186,0.0017975172692051532
Hadamard8Bit,127.50024,0.004103725490196077,-1.754739777701654,0.6079771428571429,0.2500700045831677,0.0008393006162577407
RY1Bit,127.51404,0.0036984313725490197,-0.9364874763617048,1.3528457142857144,0.25017526315209565,0.0014352800673746971
RY8Bit,127.31728,0.004861764705882357,0.31827527656849697,0.5269257142857143,0.2493148583927188,0.00039035917588064773
Uniform1Bit,127.21646,0.0050521568627451,0.9680974386041559,0.5421257142857143,0.24915111727049505,0.0031447762411748455
Uniform8Bit,127.40106,0.004913921568627452,-2.840001924218877,0.5103771428571429,0.24967549990763271,0.0007619192149171842
LCG,127.81177,0.005188627450980476,13.462391499693709,1.8768457142857145,0.25103553565331593,-0.0022413796278063954
KISS,127.49454,0.002269215686274473,20.984047581282038,0.7467885714285715,0.24788776023092884,-0.025119264551778393
Hadamard1Bit,127.53979,0.005620000000000069,-2.257486241093854,0.8885714285714286,0.2501005549847845,-0.0006718561023925732
Hadamard8Bit,127.03507,0.006444117647058878,-2.2730504694050677,1.6466285714285716,0.2482660071506487,0.0010173670707211094
RY1Bit,127.29738,0.005125490196078442,-0.6398738156951551,0.17984,0.24920543968992084,2.9286902786881314e-06
RY8Bit,127.53105,0.00420843137254902,-2.810710067684607,0.7844114285714286,0.2497739916268814,-0.0041236915493783055
Uniform1Bit,127.21184,0.004993529411764702,2.316175461856316,0.8021028571428572,0.24915934757194427,0.0034246679557695292
Uniform8Bit,128.00966,0.006510000000000016,2.4451073378438393,0.93008,0.2520093050219181,6.441426089295608e-05
LCG,127.29087,0.005134313725490225,12.811911972182658,1.1557028571428571,0.24932831181445178,0.0017637228441547336
KISS,127.46222,0.002408039215686275,24.03562925898281,0.6160914285714286,0.24778404170047127,-0.024818493374119985
Hadamard1Bit,127.44156,0.004107450980392113,-2.574982710395923,0.7889828571428572,0.2500362813701159,0.0032142556644838374
Hadamard8Bit,127.31149,0.006133137254901944,-0.5609494350450241,1.1753142857142858,0.24911866973340918,-0.0016923857489532623
RY1Bit,127.41892,0.005638627450980399,-1.2573519336269205,0.9044800000000001,0.24952248538248303,-0.0019149160105500157
RY8Bit,127.26008,0.005655294117647064,-1.2502910471631137,0.7842514285714286,0.24897051554136973,-0.0010933585916319372
Uniform1Bit,127.41913,0.004400784313725495,1.4794399929306168,1.6390628571428572,0.24909990599329038,-0.0069464377898432106
Uniform8Bit,127.70918,0.0049313725490196525,-0.408018640489558,0.43158857142857143,0.25069472101872203,-0.0015233509489703213
LCG,127.58199,0.0035947058823529443,15.019461207523385,0.8272,0.24971228166721696,-0.007337772599500708
KISS,127.57264,0.002479607843137277,24.63005283539363,0.5512,0.24817980575038426,-0.025261363638360165
Hadamard1Bit,127.61987,0.004840196078431447,0.9076069758002804,0.61488,0.2502798956478601,-0.002285775814074266
Hadamard8Bit,127.73461,0.005948235294117699,-2.3878566934030174,0.9485485714285715,0.2511037058082967,0.0021887056782936144
RY1Bit,127.62424,0.0051935294117646524,-5.2259052011632745,0.8488685714285714,0.2503373345921089,-0.0018017220631547154
RY8Bit,127.00549,0.006167843137254825,1.5288448820426546,1.50272,0.24828145397947285,0.0025987362743803677
Uniform1Bit,127.81623,0.006464313725490167,0.8937709314863937,1.8614171428571429,0.25090857352249096,-0.003921662856831174
Uniform8Bit,127.4998,0.0045935294117647185,-3.1240361919585427,0.30946285714285715,0.2497052444572849,-0.0034911780793716674
LCG,127.70618,0.004883725490196111,13.43396710469825,1.3484342857142857,0.2510140324778877,0.0024192896634751227
KISS,127.54806,0.0024292156862745218,23.774572296454295,0.7160000000000001,0.2481372807576609,-0.024619960587372747
Hadamard1Bit,127.27643,0.004637058823529411,0.09339430080782249,1.9582857142857144,0.2491008953149867,-0.0002903192255853535
Hadamard8Bit,127.38457,0.005317058823529397,0.21270163558358246,1.0325028571428572,0.2494104405865241,-0.0016427286535185752
RY1Bit,127.49765,0.005280000000000062,1.3042051349395447,0.60272,0.25000646746182936,0.00017178750043120438
RY8Bit,127.63149,0.004362745098039245,-7.062319831309333,1.4112228571428571,0.25021603756983285,-0.003620815512333097
Uniform1Bit,127.13668,0.005479803921568632,-0.4020214312061335,1.50528,0.24901524293981575,0.005247081896655276
Uniform8Bit,127.91649,0.005890196078431331,2.1298697351059244,0.8506514285714286,0.2514429945529734,-0.0023517965966155753
LCG,127.5048,0.00381352941176466,17.344256004163327,1.7194514285714286,0.2503959644748315,0.004491741504506552
KISS,127.49794,0.0022890196078431124,23.530034545742957,0.7590171428571428,0.24792908213588183,-0.024760300042747704
Hadamard1Bit,127.51463,0.005238039215686219,-1.2330526019651564,0.38765714285714287,0.25004826380443596,-9.785236605621562e-05
Hadamard8Bit,127.5759,0.005226666666666713,-2.0750122386859005,0.7541028571428572,0.2503467639828267,0.0005966540396832661
RY1Bit,127.40054,0.004679607843137257,-1.2789456136189024,0.4455085714285714,0.24945480565917152,-0.0019031205864901638
RY8Bit,127.91858,0.007210588235294135,0.4453037878237129,3.123862857142857,0.25165731672695046,0.00013738456760924855
Uniform1Bit,127.42095,0.00461509803921567,3.018951213092594,0.7631542857142858,0.24989964840055823,0.002506436801296657
Uniform8Bit,127.68242,0.005523921568627466,-3.357996695429198,1.0021714285714287,0.25085608749205324,0.0016612400345787982
LCG,127.50194,0.0041182352941177,17.002189671256055,0.3282057142857143,0.2495083512926606,-0.005974880269677775
KISS,127.48153,0.0023578431372549002,22.871032670696216,0.7347428571428571,0.2478558131217614,-0.02491076837184076
Hadamard1Bit,127.34398,0.004203725490195986,2.7677576585754347,0.5545142857142857,0.24920618048933357,-0.0021727622059723316
Hadamard8Bit,127.73411,0.004638431372549046,-0.40327179950314207,0.8781714285714286,0.25094826665298137,0.0003278662434409016
RY1Bit,127.55929,0.004805882352941215,0.10346294325819065,1.2100114285714285,0.2502509597183598,0.00021077444935969133
RY8Bit,127.61584,0.005282941176470546,4.42502295364501,1.197897142857143,0.2505815774036259,0.0015182825164867027
Uniform1Bit,127.29874,0.005250196078431371,4.949093434510062,0.8864914285714286,0.2492823121233906,0.000839126035719167
Uniform8Bit,127.8101,0.005666666666666709,-1.8381415963171932,1.1242285714285716,0.25146403513246857,0.002949387798282233
LCG,127.71004,0.0051413725490196405,16.26556641348159,1.1770057142857144,0.25041858846116394,-0.0048545347955040235
KISS,127.4695,0.002418039215686285,22.840215408002845,0.53264,0.2478005407505062,-0.024983679559229213
Hadamard1Bit,126.85184,0.007369803921568607,-0.6983644577062438,1.79152,0.24743081033270684,-0.00040453726923203056
Hadamard8Bit,127.45648,0.005272745098039218,-3.58858248267068,2.335337142857143,0.2501779870547628,0.0041446075326971536
RY1Bit,127.73519,0.0055449019607842764,-3.3399387401765814,0.9142628571428572,0.25118864998722734,0.003117628650278231
RY8Bit,127.52892,0.00498529411764706,-0.5117153208252769,0.6053485714285715,0.24999258035640703,-0.0014676513154618083
Uniform1Bit,127.41863,0.004602941176470587,0.6031685994612515,1.3607314285714287,0.2496339680813178,-0.0005290920246600723
Uniform8Bit,127.44501,0.005254509803921614,1.646623182961418,0.7865371428571429,0.24928608947757847,-0.005915117956698368
LCG,127.27933,0.005176862745098099,14.839468977336379,1.8196114285714287,0.24931323899935845,0.0021207543345642165
KISS,127.56468,0.0024880392156862996,19.98224693084296,0.5733485714285714,0.24815052179741384,-0.025203593974777574
Hadamard1Bit,127.03565,0.0066768627450980444,-2.7139355463329307,1.8252342857142858,0.24840007554247348,0.002621259304405864
Hadamard8Bit,127.5114,0.0037184313725490198,-0.6228576926191861,1.1747885714285715,0.25002523027921425,-0.00021868208406111217
RY1Bit,127.33928,0.004094313725490198,0.9980107159529823,1.0634514285714287,0.24946494293854818,0.0011398452305300083
RY8Bit,127.56501,0.004643529411764713,3.5942736944013784,0.9673371428571429,0.25062716817094693,0.0043889118835154445
Uniform1Bit,127.61913,0.0044249019607842666,-0.11874591056456046,0.1701257142857143,0.250553413338826,0.0009992869280837614
Uniform8Bit,127.78161,0.004309411764705895,4.631585454420702,0.7135771428571429,0.2512030553600421,0.0011875533474303953
LCG,127.751,0.005072156862745092,16.237690810933685,1.1776,0.25062474846201466,-0.004345118812570394
KISS,127.54004,0.0023792156862745273,23.46626269859272,0.7835657142857143,0.24809039001578104,-0.024778921494825207
Hadamard1Bit,127.12298,0.006632549019607831,-2.61722850402518,0.9658285714285715,0.24854057614008956,0.0001967498713257588
Hadamard8Bit,127.75263,0.005617843137254885,-3.790750590393927,0.9593142857142858,0.2509191829326947,-0.0009053915983582541
RY1Bit,127.46283,0.004590196078431363,1.7744341026553188,0.9746742857142857,0.24984102636105354,-0.00016861203065782367
RY8Bit,127.17946,0.006233529411764693,-0.5979182431172797,1.66992,0.2486931634406681,-0.0006389091931000228
Uniform1Bit,127.69118,0.004752745098039246,-2.403132392079178,0.7170057142857144,0.25053436170655036,-0.0025651372068970033
Uniform8Bit,127.2459,0.004570980392156865,1.0145257345952674,0.5725942857142857,0.24948599935826143,0.005702576338625247
LCG,127.75264,0.004812549019607815,12.893569245798185,1.5122285714285715,0.251286823364196,0.00352737057915326
KISS,127.513,0.0022874509803921805,21.936084335112394,0.7469257142857143,0.24798830702647795,-0.024722040841955707
Hadamard1Bit,127.7332,0.0048384313725490236,3.137760981614332,1.0671542857142857,0.25132174582030403,0.004833472295068959
Hadamard8Bit,127.77798,0.004729411764705871,-0.7960049279967211,1.2091657142857144,0.2512522369360537,0.0019149671333184165
RY1Bit,127.37287,0.004722941176470541,-2.8538636703576334,1.4055542857142858,0.24897651944608593,-0.006276155016991332
RY8Bit,127.70133,0.0062282352941176455,-1.2592639280052202,2.3396114285714287,0.25094529284392797,0.0017949671981232348
Uniform1Bit,127.60396,0.004636470588235353,-4.868038065442513,0.3429257142857143,0.2505575128800115,0.001811322400044296
Uniform8Bit,127.82927,0.004774313725490198,-0.9752378463098701,0.6054857142857143,0.25119559307857414,-0.0011319832580484119
LCG,127.52729,0.0034205882352941197,14.563786802530647,0.8200914285714286,0.2502455675844697,0.0016760390769265466
KISS,127.47607,0.002389411764705862,21.990499583390207,0.7343314285714286,0.24784249026650268,-0.024776815689300794
Hadamard1Bit,127.8802,0.006254901960784376,2.181024661176094,2.205165714285714,0.2516055445829324,0.0013025431182524432
Hadamard8Bit,127.7147,0.0044756862745097825,-1.1731935831092197,1.1707885714285715,0.2507573569391995,-0.0010136750065064053
RY1Bit,127.56284,0.004328431372549013,-0.22988331572525014,1.1117942857142857,0.2502735700175175,0.0003481916593548572
RY8Bit,127.69715,0.005793333333333317,1.3767671960900074,0.7047085714285715,0.2508648531314183,0.0010439023542808588
Uniform1Bit,127.58356,0.004273333333333351,0.6926147622746893,0.7030628571428572,0.25056193491577367,0.002827401246928319
Uniform8Bit,127.88293,0.00543313725490191,-0.5588044727007538,1.28624,0.2517561026436857,0.003040736242879151
LCG,127.3478,0.004675882352941252,13.218087013653065,1.2881828571428573,0.24949780278271663,0.00107785084860895
KISS,127.48449,0.002319803921568636,23.802214576181832,0.4989257142857143,0.2478386963031506,-0.025194243688854253
Hadamard1Bit,127.24108,0.005087058823529389,0.39283646551083057,0.40413714285714286,0.2488747666407828,-0.001308560090778249
Hadamard8Bit,127.89403,0.005423725490196096,0.8962440669542111,1.20896,0.2514030136841144,-0.0017150658792200123
RY1Bit,127.5751,0.005558823529411783,-5.1689251605966255,1.4594514285714286,0.2504547083148621,0.0018774161536041962
RY8Bit,127.66291,0.004422745098039214,0.9885628505349754,1.2096685714285715,0.2508319394612577,0.002275963953734623
Uniform1Bit,127.57664,0.004403725490196079,4.566392042067524,1.3741485714285715,0.25049215367201577,0.002319125341238815
Uniform8Bit,127.1841,0.004904117647058837,-4.669094348645388,1.5322285714285715,0.24874439840130733,-0.00020960078617022202
LCG,127.48314,0.0037372549019608625,14.599026060880947,1.4195885714285714,0.249923466554926,-9.908233234139046e-05
KISS,127.57967,0.002529411764705891,19.76925541184376,0.64048,0.24823844655209368,-0.02488047885537993
Hadamard1Bit,127.44191,0.004015490196078442,0.6231694403362772,0.7044114285714286,0.24971185721084035,-0.0007636396133944592
Hadamard8Bit,127.79376,0.00532607843137245,-0.20594009135931232,0.8806857142857143,0.25096806231422875,-0.0022495506730763324
RY1Bit,127.60135,0.005931764705882359,0.4340154588509057,1.2316342857142857,0.25046433870720597,0.0008189774287906446
RY8Bit,127.8457,0.006252352941176431,-2.613570997925378,2.055177142857143,0.251710783620715,0.004217715894142103
Uniform1Bit,127.66672,0.005159411764705801,-0.08141268235720475,0.6122514285714286,0.2507229276829463,0.0008659276178914965
Uniform8Bit,127.34271,0.004887450980392144,0.17466119464123045,0.3701257142857143,0.24965270706147893,0.0032372534319039356
LCG,127.71972,0.004756470588235251,16.283093588772374,2.150857142857143,0.25065266123633667,-0.0025328265304734934
KISS,127.53457,0.0023892156862745373,22.677165136338456,0.7733257142857143,0.24804678973356506,-0.02507316805718145
Hadamard1Bit,127.39949,0.004463921568627405,1.6709533349476908,0.42409142857142856,0.24961440141122254,0.00011052942216852027
Hadamard8Bit,127.46665,0.004067450980392157,-1.9146849982730199,1.2042514285714285,0.2497785897505273,-0.0011124727939242525
RY1Bit,127.41822,0.004953725490196077,2.8457090430910563,1.2965942857142858,0.24933268955911192,-0.004107190492474065
RY8Bit,127.3312,0.005040980392156835,-0.18573948993949876,1.2098514285714286,0.2495107208665307,0.0020254878874473863
Uniform1Bit,127.2743,0.004979607843137279,-4.536930150895304,0.8927085714285715,0.24879492439676285,-0.003842032424279724
Uniform8Bit,127.61049,0.004479607843137168,0.10676103390303318,0.51088,0.25033621547288276,-0.0011944518852243361
LCG,127.51725,0.004060784313725474,17.865343714032463,2.2308114285714287,0.2495681993344345,-0.006068273374998715
KISS,127.49235,0.002288235294117591,23.548970762934605,0.6862628571428572,0.24789854280703633,-0.024844627171832327
Hadamard1Bit,127.61836,0.00518470588235298,1.3253274710689928,0.5336228571428572,0.2508350153859097,0.0044673120025797005
Hadamard8Bit,127.80606,0.005041372549019596,-5.24813353992028,0.33622857142857143,0.2514244770283155,0.00263476569905677
RY1Bit,127.38146,0.0061417647058823605,0.2544888365583668,0.9184685714285714,0.2494486738023857,-0.001017064031974033
RY8Bit,127.50962,0.004843725490196071,-0.7041856392003564,0.5582400000000001,0.24982252790616694,-0.0025678658403742605
Uniform1Bit,127.58084,0.0056227450980391724,-0.8502178108716075,1.6243885714285715,0.25032059840013904,6.172808049026809e-05
Uniform8Bit,127.52172,0.004909019607843151,-2.8593676878219902,1.8904685714285716,0.2501789892946939,0.0010910322708242918
LCG,127.63968,0.0036164705882352766,14.004694837746001,0.8517942857142857,0.2504262452851355,-0.001468449914207986
KISS,127.45786,0.0024794117647058966,21.02518278046668,0.7244114285714286,0.24780141165502442,-0.02443645797475895
Hadamard1Bit,127.97532,0.006208627450980386,0.33133760741175733,1.4434285714285715,0.25166616602728736,-0.0024425880169283718
Hadamard8Bit,127.70576,0.0062113725490196,-2.8314605577313916,1.8755657142857143,0.2508201937075089,0.0001297417461739116
RY1Bit,127.45556,0.005269215686274517,-3.3258715674924266,1.1199314285714286,0.2502215384322227,0.004703710477424599
RY8Bit,127.5105,0.004929019607843137,2.0043084764198915,0.6037257142857143,0.24989761839178856,-0.0017204811742441385
Uniform1Bit,127.70297,0.004901960784313708,-0.43219387442573726,1.38768,0.2508826692265391,0.0010139701779879854
Uniform8Bit,127.39305,0.004629215686274515,1.4031932214375848,0.6628342857142857,0.24927746855323255,-0.0036533518562019396
LCG,126.8441,0.006413529411764762,13.548103368607382,3.660891428571429,0.24756788790494952,0.001596770021551623
KISS,127.51229,0.0022782352941176365,22.765195338986068,0.4781257142857143,0.24793943856393744,-0.025316590481675966
Hadamard1Bit,127.55542,0.005419411764705867,-4.95433117971448,0.8603885714285715,0.25070979229592194,0.005827746403131196
Hadamard8Bit,127.04283,0.00642568627450979,2.060879084627008,0.9606857142857144,0.24832822568902002,0.0014112929475247073
RY1Bit,127.43152,0.004086862745098039,-2.2356731543444424,1.6527085714285714,0.24918018192100216,-0.006640453698361561
RY8Bit,127.59615,0.006328039215686275,-3.71511987441663,1.6098285714285714,0.2504384199551315,0.0007418286840208914
Uniform1Bit,128.01121,0.005759411764705846,-1.9973747640158754,1.7400228571428573,0.25179200457901935,-0.002620303217855353
Uniform8Bit,127.32969,0.004991176470588235,3.1804094080435097,1.1095314285714286,0.24940081419268642,0.0007831274769989407
LCG,127.32748,0.004178039215686269,13.304458332086858,0.8490971428571429,0.2493307753531232,0.00012404541879175318
KISS,127.5665,0.002449411764705922,20.816915035955795,0.70048,0.24820555964114116,-0.02468983199622245
Hadamard1Bit,127.33163,0.004789803921568636,-0.5818412276933926,0.8028342857142857,0.24888400764053767,-0.005379404219051918
Hadamard8Bit,127.44758,0.004129607843137206,-1.2738200397803767,0.7990628571428572,0.2496199834739615,-0.0020968452348220073
RY1Bit,127.52952,0.0048449019607843535,0.3858610261819379,0.2918171428571429,0.2499119793197127,-0.0024163452659411227
RY8Bit,127.59991,0.004832941176470595,1.3667822870970399,0.7407542857142857,0.2504969957042875,0.0012961048700905482
Uniform1Bit,127.20159,0.00546666666666662,-1.0838715123060096,0.7409828571428572,0.24902943839126704,0.0023807015590942508
Uniform8Bit,127.48447,0.004959215686274512,0.28562744531943685,1.26688,0.2503616079605591,0.005015652641049894
LCG,127.94386,0.0069088235294118006,15.00700448363494,2.162125714285714,0.25191139769913745,0.0020064242262356102
KISS,127.54196,0.0024192156862745118,23.42558478715478,0.7582857142857143,0.24807042841670288,-0.02516038139074681
Hadamard1Bit,127.56765,0.004959215686274554,0.7855299278602904,0.6384457142857143,0.24953080872600122,-0.008751154595558273
Hadamard8Bit,127.44107,0.0051964705882352885,-1.884127844511121,1.5988114285714286,0.2501234702466168,0.00420133588685078
RY1Bit,127.84156,0.0056319607843137165,-2.5236172816049636,1.518902857142857,0.25116260005352586,-0.002161506102443754
RY8Bit,127.71009,0.004283725490196066,2.19677940957298,0.7517714285714286,0.2505684035694627,-0.003094984116512673
Uniform1Bit,127.55661,0.004165294117647059,0.3287905175877903,1.1893942857142858,0.25000595796038433,-0.0025619439023111617
Uniform8Bit,127.43698,0.0041121568627451,-2.0537733390125426,0.5796571428571429,0.2501626206573451,0.004865401810653663
LCG,127.5735,0.004227058823529473,14.163718991755848,1.9355657142857143,0.250311104418232,0.00028630268001293946
KISS,127.47419,0.0024792156862745163,19.514793597977416,0.7175314285714286,0.24784083673209015,-0.02470899732409156
Hadamard1Bit,127.56284,0.004548431372549011,-0.09762381879613782,0.17977142857142858,0.25024818445031455,4.301580895927745e-05
Hadamard8Bit,127.76804,0.004774901960784339,-0.5841967346484778,0.7682057142857143,0.2510272009294478,-0.00030388733643807426
RY1Bit,127.65602,0.005326666666666646,-1.2355584008481286,2.88896,0.25051081422002,-0.0011834837600187002
RY8Bit,128.00701,0.005986274509803935,0.2240780786106856,1.2655542857142859,0.25184852586703305,-0.0017441627739347531
Uniform1Bit,127.56439,0.003882941176470589,-1.8583202315027416,0.8208457142857143,0.25053883941376515,0.003483793534063787
Uniform8Bit,127.55898,0.004336274509803895,0.9772522959348009,0.8125028571428572,0.250311761864255,0.000977323278624191
LCG,127.85758,0.00534568627450982,16.808079295886355,2.6171428571428574,0.2517832524730453,0.004561162401079596
KISS,127.4779,0.0023009803921568706,23.21604606364662,0.69408,0.24785106259367098,-0.02474582954311664
Hadamard1Bit,127.08502,0.005575882352941153,-2.2541033702701743,2.5165714285714285,0.24837489851253375,-1.7441209056768247e-06
Hadamard8Bit,127.80425,0.005473921568627471,4.086929117196666,1.115702857142857,0.2511438137064942,-0.0005742436614079149
RY1Bit,127.50854,0.004931960784313683,-4.014532103379622,0.25664000000000003,0.25029982249072524,0.0031898458757502225
RY8Bit,127.56848,0.004301764705882352,0.8815924107167691,1.2442742857142857,0.2503051444970418,0.00046657069097907347
Uniform1Bit,127.31811,0.004858039215686283,-0.4210829070388978,1.5287542857142857,0.24891317517558212,-0.004477704381362486
Uniform8Bit,127.37311,0.0046043137254901945,-4.376503767419265,0.52752,0.24930038504537186,-0.0023976396015858415
LCG,127.26342,0.00444666666666671,17.27008572313439,0.9337371428571429,0.24905770949289427,-0.0001951186608649056
KISS,127.52462,0.002427254901960829,24.039094207357984,0.45648,0.2479767355151461,-0.02540824704842483
Hadamard1Bit,127.28456,0.005670588235294094,-1.9795512215749567,0.42470857142857144,0.24893719894522795,-0.002547593091261596
Hadamard8Bit,127.65732,0.005009999999999959,-0.7958378423213889,0.5160228571428571,0.2505945202473916,-0.00023885297713345692
RY1Bit,127.60237,0.005504313725490206,-4.24576995273863,0.6747428571428572,0.2503275636370341,-0.000904371068007472
RY8Bit,127.72531,0.005558627450980347,3.8997539917522803,0.39362285714285716,0.25092372369321564,0.0004612480773964139
Uniform1Bit,127.2699,0.004898235294117648,0.9670059389738881,1.2240457142857144,0.24909001200738545,-9.654035187680571e-05
Uniform8Bit,127.35712,0.004808823529411699,6.167929733245371,0.5421257142857143,0.24997541478682378,0.006370209477998886
LCG,127.52071,0.003165294117647044,14.31789093880005,0.9086628571428572,0.24989108991435552,-0.0022706377320138773
KISS,127.55351,0.0024594117647058766,21.42069671227905,0.77168,0.24817180105672743,-0.024454775209136095
Hadamard1Bit,127.35442,0.004408823529411743,-3.4437829350226177,1.2504,0.24934604009630584,-0.00102746347952903
Hadamard8Bit,127.55281,0.005519607843137209,0.3183063381882636,0.48210285714285717,0.2501864864861627,-0.0002583854031300349
RY1Bit,127.55111,0.00544647058823533,-0.07180976268789556,0.9362285714285714,0.24973775104917684,-0.005522669311006132
RY8Bit,127.39746,0.004757058823529392,-1.3531688691370953,0.7667657142857143,0.24951136277991126,-0.0010346686510737584
Uniform1Bit,127.58381,0.005012352941176523,-3.6691232378084386,0.528,0.2503354917439963,8.842400617582577e-05
Uniform8Bit,127.38901,0.004289019607843114,-0.5272638293837263,0.41430857142857147,0.24955524695577502,-0.00012315119671730632
LCG,127.45748,0.004102156862745093,14.676308444903466,0.5020114285714286,0.24997440777944863,0.0017130218019181412
KISS,127.51103,0.0022190196078431534,24.8526459371458,0.7184685714285715,0.24795936632953458,-0.024998315227344647
Hadamard1Bit,128.15762,0.006803137254901892,-3.2847035886212037,1.6301485714285715,0.2527328126030189,0.0017654699237114576
Hadamard8Bit,127.65059,0.004454509803921536,0.8465556083362185,0.9626514285714286,0.25087588176919867,0.0033887390826529266
RY1Bit,127.44416,0.005019607843137257,1.4727428261740838,0.8208914285714286,0.24993550050840682,0.0018269678482720907
RY8Bit,127.14925,0.005375882352941175,-2.3387093428527748,0.9631085714285714,0.2484126189973948,-0.002553349345886597
Uniform1Bit,127.30339,0.0064523529411764785,-0.4182908592569433,1.3466742857142857,0.24930400999511534,0.0008754119980965573
Uniform8Bit,127.26767,0.004559215686274515,-1.1260704122496297,0.8283428571428572,0.24905331098677974,-0.00039803727095816954
LCG,127.71254,0.004860980392156877,10.688939418241354,1.061577142857143,0.2507881349478607,-0.0005445017571665222
KISS,127.49949,0.002286274509803926,21.965875916318616,0.75792,0.24791261215188184,-0.025009270442842478
Hadamard1Bit,127.56846,0.005072352941176472,2.824890467339943,0.8317028571428572,0.2501933429945639,-0.0009052877310665329
Hadamard8Bit,127.09658,0.006029607843137275,0.8327516416621733,0.9626057142857143,0.24860003955672144,0.0021426405800714036
RY1Bit,127.57801,0.004773333333333296,-2.6785779259026774,0.6392228571428572,0.2502360540714243,-0.0008489608512119489
RY8Bit,127.58917,0.004049019607843207,1.0231246843991766,0.7692800000000001,0.2502246031303053,-0.0014459753334376975
Uniform1Bit,127.93684,0.006660980392156901,2.2074026215259965,1.6021028571428573,0.2517896290074045,0.0008696938680268348
Uniform8Bit,127.53514,0.0048429411764705915,-5.201639362340036,1.3020342857142857,0.25010786839894733,-0.00038060950410111086
LCG,127.70809,0.00491666666666668,15.407239810794634,2.2747885714285716,0.25103938113583085,0.002653725919757436
KISS,127.44954,0.0025780392156862786,22.29128205261134,0.6449828571428572,0.24773340743788086,-0.02483676246760596
Hadamard1Bit,127.53395,0.004283137254901925,0.8523031706708909,0.6675885714285714,0.2503417953825819,0.002488080679042009
Hadamard8Bit,127.4713,0.004335294117647104,-0.15493456433973898,0.9843428571428572,0.25059517538658477,0.0084159243776783
RY1Bit,127.50895,0.005094313725490199,-2.6975736605413196,0.8261028571428571,0.24987101266630304,-0.0018996322390594654
RY8Bit,127.83436,0.0062433333333332675,-0.5066792881055853,1.7461714285714287,0.25178235065703364,0.005582359333773209
Uniform1Bit,127.71351,0.004689019607843181,3.048779986132104,1.0342628571428572,0.25061291627910487,-0.002700367394263078
Uniform8Bit,127.24435,0.0053666666666666585,-0.8259103350904001,0.5095771428571428,0.24902699253828262,0.00038291906158435666
LCG,127.6959,0.004437254901960785,13.372724628842459,1.3380571428571428,0.2510320660300022,0.0031660378430508496
KISS,127.55988,0.0024015686274510006,22.998483835597884,0.5248914285714286,0.2481203844718197,-0.025382653418430247
Hadamard1Bit,127.33118,0.004790784313725482,0.11985820705415796,1.137417142857143,0.24922320595754996,-0.001405317349103826
Hadamard8Bit,127.73061,0.004910588235294118,-1.1178422258111933,1.2919314285714287,0.25071064167004375,-0.0023431151640022443
RY1Bit,127.20539,0.0050811764705882,-0.7275967300401356,0.7074742857142857,0.24862217710988715,-0.002653316257251615
RY8Bit,127.35741,0.005432941176470585,3.226122745983416,1.03296,0.24940591951094418,-0.0004481604521072394
Uniform1Bit,127.62683,0.004540196078431369,-1.576408265494568,0.7828114285714286,0.2507379008430582,0.0028729669627281995
Uniform8Bit,127.22509,0.004521568627451011,3.2551703412259543,0.5371428571428571,0.24856596662852765,-0.004256500087917735
LCG,127.29811,0.00420588235294117,14.609006827871072,0.7325257142857143,0.2494986043286017,0.0034598091814002753
KISS,127.55828,0.002496862745098083,21.70036062897893,0.67744,0.24819453407913658,-0.024423964460381226
Hadamard1Bit,127.56781,0.004484901960784313,-1.2138829339998243,0.5616,0.25016005915537776,-0.0012301471017347819
Hadamard8Bit,127.45226,0.005700196078431377,0.48285280393473146,0.48610285714285717,0.24984034600053628,0.00032079436105304586
RY1Bit,127.5106,0.004052156862745099,1.207852320136284,0.62608,0.2501363192793735,0.0010980680143637138
RY8Bit,127.72786,0.004245294117647069,-1.729114432258006,1.0311771428571428,0.2506454856167157,-0.0029764058660682415
Uniform1Bit,127.79737,0.005166078431372512,-0.39460355812890135,0.4765714285714286,0.25146841626047933,0.0035811767719168457
Uniform8Bit,127.33306,0.005085490196078429,-4.1799442167488134,0.7358171428571428,0.2493978623753895,0.0006481538969167782
LCG,127.37361,0.005020196078431349,15.567952421321847,0.7286400000000001,0.24952236834940383,0.00024163170672849294
KISS,127.50049,0.0023490196078431724,21.35533418422033,0.7887771428571428,0.2479505088784073,-0.024638135342465884
Hadamard1Bit,127.82668,0.005302156862745155,0.20794968483707868,1.3421942857142857,0.251193517394615,-0.0010156693862282615
Hadamard8Bit,127.72162,0.006068823529411738,0.8154423511406637,0.9156342857142857,0.25153378946323096,0.007904727134231494
RY1Bit,127.66066,0.0048578431372549025,2.943527717935453,0.7840228571428571,0.2507586602971031,0.001518574565984889
RY8Bit,127.41843,0.004892352941176473,-0.10014978680419323,1.19184,0.2496130877494853,-0.0008224195706528733
Uniform1Bit,127.36875,0.00660882352941175,-4.577744793020423,1.3565028571428572,0.24929995305335453,-0.0021516750853118843
Uniform8Bit,127.71662,0.004893333333333305,-2.875608244803368,0.4085485714285714,0.25046720747868884,-0.004543990889184088
LCG,127.64719,0.004805686274509724,13.19037662482849,1.8253942857142857,0.2503813364162125,-0.002349467089566291
KISS,127.49165,0.002269215686274473,21.90898478159982,0.7189485714285715,0.2478712344216876,-0.025153532607746942
Hadamard1Bit,127.29536,0.005039999999999989,-1.8792093693132086,0.8434742857142857,0.24859601352645117,-0.0071859823852320195
Hadamard8Bit,127.17099,0.005321960784313712,1.1678894321742985,1.1855771428571429,0.24893790022098683,0.0026963631862531824
RY1Bit,127.33268,0.0045060784313725455,-0.7357420986573041,0.37437714285714285,0.2491194094562977,-0.0026563565976639083
RY8Bit,127.0871,0.005982156862745114,-1.6655806850708945,1.1086628571428572,0.24813809537556808,-0.0029209480536976024
Uniform1Bit,127.57828,0.004516862745098039,2.2376330813686187,0.8292114285714286,0.25022665759145074,-0.0009211609535742562
Uniform8Bit,127.68452,0.004977647058823531,-0.36174689893417894,1.900777142857143,0.2505414845767033,-0.002174798257045135
LCG,127.20396,0.005190196078431353,13.18428635988801,1.4503771428571428,0.24856554078804727,-0.0033054342151671015
KISS,127.45936,0.002428039215686295,21.632245180460096,0.6274514285714285,0.24777097997815853,-0.024877385575998952
Hadamard1Bit,127.21921,0.005220392156862652,-1.492792484771254,0.8657600000000001,0.24875639498417484,-0.0016955752543587354
Hadamard8Bit,127.45168,0.004598431372549006,-0.6750207334701873,0.2937142857142857,0.24971832017435994,-0.001124991700857022
RY1Bit,127.56682,0.004612156862745076,-0.7013108020192917,0.3678857142857143,0.2502190106099423,-0.0005203747296082234
RY8Bit,127.09113,0.006451568627450971,-0.37348330037873145,0.9847314285714286,0.2486486799508527,0.002975033250382671
Uniform1Bit,127.38676,0.0046937254901960775,-0.21559204631977988,0.4848914285714286,0.2500547650612949,0.0059036425467173595
Uniform8Bit,127.50776,0.004854117647058814,-2.0943799424089242,0.7527542857142857,0.24982787559517178,-0.002424881599627468
LCG,127.68575,0.004267058823529513,16.177184031764334,1.007542857142857,0.2506319568385967,-0.0011727753121467427
KISS,127.57743,0.0025296078431372715,21.46514915124107,0.5626742857142857,0.24820051060948986,-0.02527434302065647
Hadamard1Bit,127.33259,0.005089803921568631,1.5672141015800563,1.55424,0.24934309258509568,-4.426718280086619e-06
Hadamard8Bit,127.62182,0.005006470588235334,1.8008985922551144,0.5589714285714286,0.25044775999470975,-0.00040042566284781726
RY1Bit,127.36653,0.005378039215686248,-1.3509514574152077,0.41629714285714287,0.2494748419994789,-2.211708846128027e-05
RY8Bit,127.56962,0.00482254901960788,0.08977158427897354,0.7922742857142857,0.2502227535154989,-0.0005648016119446409
Uniform1Bit,126.93686,0.0063582352941176645,1.6419519746161726,1.0988114285714286,0.2478289136601459,0.00039225172042099845
Uniform8Bit,127.85436,0.006188431372548986,-0.5184569410011998,1.1895085714285716,0.25163405282649504,0.0028658237028396103
LCG,127.50228,0.004354117647058842,16.697731688606158,1.7723885714285714,0.24975424533176055,-0.0030372008471269327
KISS,127.54009,0.0023692156862745173,21.083155372836526,0.7264914285714286,0.2481158269483516,-0.024481304946282416
Hadamard1Bit,127.62155,0.0050864705882352895,1.8383423654632285,0.7966857142857143,0.2502176769557011,-0.0030511260647424934
Hadamard8Bit,127.42649,0.0050619607843137016,-3.008490093760203,0.6072685714285715,0.2497454886121309,0.0004137646116309406
RY1Bit,127.25987,0.005462941176470587,-0.42448648608649064,0.8588800000000001,0.24904010393429768,-0.00025081519073872575
RY8Bit,127.64333,0.0062854901960783804,1.1593298913400858,1.3760685714285714,0.2503893652546656,-0.0020275899665061358
Uniform1Bit,127.32167,0.004787647058823508,-3.287603832542568,1.2485485714285716,0.24891316471795716,-0.004646547683475516
Uniform8Bit,127.59288,0.0055227450980391835,1.2685214268539795,1.4084342857142857,0.2507690871603052,0.0048025356274970605
LCG,127.41777,0.0042935294117647516,14.464588918628497,2.8875657142857145,0.24953797219632864,-0.001697234810176139
KISS,127.50017,0.0022690196078430924,22.307699570519386,0.7673371428571429,0.24793099664945212,-0.024818195431433505
Hadamard1Bit,127.47985,0.0050849019607842605,-2.3479523583892092,0.4332571428571429,0.24967485614879212,-0.0029598079943108733
Hadamard8Bit,127.72188,0.0043505882352941165,-1.6918602326393688,0.8030857142857143,0.25069440036960744,-0.0021063432339055344
RY1Bit,127.6983,0.005122156862745086,-1.878100956704446,0.4764114285714286,0.2512743526512528,0.0058661237526747
RY8Bit,127.63392,0.005274705882352904,-0.047655696688427764,1.0007542857142857,0.25048799307677516,-0.0004107815809289546
Uniform1Bit,127.21619,0.0055876470588235305,-0.577180979045241,0.6104685714285715,0.24923654511439364,0.0040921081985899515
Uniform8Bit,127.30129,0.005872156862745115,0.6139655335409595,0.9514514285714286,0.24912057225147352,-0.0012191259197862105
LCG,127.59842,0.003986862745097963,14.53254996406877,2.4187885714285717,0.25055849728047,0.002112302233361562
KISS,127.48883,0.0023378431372549358,23.70557040932138,0.6989485714285715,0.24788672846359439,-0.02479521029838592
Hadamard1Bit,128.11267,0.006984705882353004,1.5492419334011358,1.7778285714285715,0.2531125174381264,0.008419695202144908
Hadamard8Bit,127.29916,0.004799607843137266,1.3912921483645189,1.1595885714285714,0.24929457276118355,0.000995482948522089
RY1Bit,127.7078,0.0042856862745098145,0.8697848816886508,2.0477714285714286,0.250901864035936,0.001011669166925568
RY8Bit,128.07043,0.0055084313725490275,2.04238161916595,1.4575542857142858,0.2522363950283057,-0.0001189484599230465
Uniform1Bit,127.73159,0.005586470588235359,-2.8458417669461586,0.7690514285714286,0.2507131988659373,-0.0023198959181588144
Uniform8Bit,126.7703,0.00745196078431376,-2.3517340040186245,1.9035657142857143,0.24713113951592955,-0.0002035597997234707
LCG,127.3161,0.003963529411764699,14.127910511714,1.2455085714285714,0.2489623655175393,-0.0038225284190843032
KISS,127.46666,0.0023780392156863006,23.193262198802717,0.5358628571428572,0.2477667652493527,-0.02523352367584643
Hadamard1Bit,127.65285,0.0044407843137254654,-2.8630405009971684,1.5141485714285714,0.2502668857522863,-0.00393941902649372
Hadamard8Bit,127.96845,0.006274901960784396,-1.2667949340589093,1.5361828571428573,0.2516762556322193,-0.001930110043633818
RY1Bit,127.58323,0.00407843137254902,0.9425659979579566,0.2638857142857143,0.2501332759578987,-0.002326425195104603
RY8Bit,127.31179,0.005169019607843141,2.975759173253135,0.5811885714285715,0.24921498103870302,-0.0005364107058084282
Uniform1Bit,127.70225,0.005599607843137178,-1.6541945990783404,0.48786285714285715,0.25072462689256375,-0.0008408421515732363
Uniform8Bit,127.49865,0.0049492156862744885,1.0340709993565942,0.9355657142857143,0.24988279763612847,-0.0013004955504774597
LCG,127.85892,0.006131764705882337,15.207179428711799,2.37024,0.2519730918185771,0.0067660667444424906
KISS,127.56689,0.002518039215686274,21.026530476276186,0.5671771428571428,0.24818032478671637,-0.024984207933229363
Hadamard1Bit,127.63352,0.004163921568627438,-1.6718009433781083,0.42326857142857144,0.2507059675748587,0.0021748311829870655
Hadamard8Bit,127.44083,0.005125294117647058,-4.895695718078718,0.63968,0.24939639477132697,-0.004446554781163233
RY1Bit,127.3211,0.005670588235294094,-1.9429233235931254,0.8137371428571429,0.24988185014491102,0.006951891892468915
RY8Bit,127.37986,0.004956274509803904,-1.0496738944770525,0.7328685714285714,0.24977546584385255,0.002911702304327296
Uniform1Bit,127.55093,0.004520392156862729,2.5562890032555106,1.0517485714285715,0.2500901296594661,-0.00130058128987253
Uniform8Bit,127.42244,0.0043811764705882356,-0.08954597703369456,1.4555428571428572,0.25016638478572445,0.0056574843700759134
LCG,127.33123,0.00433960784313725,14.318951795382647,1.276617142857143,0.24932774095138044,-0.00013648853601425947
KISS,127.53975,0.0024092156862745018,22.41381366438226,0.8105828571428572,0.24807716235563051,-0.02496266631821506
Hadamard1Bit,127.59133,0.0048092156862745705,2.0385057114419665,0.4181714285714286,0.24981670039691262,-0.006445773105763719
Hadamard8Bit,127.07186,0.00601823529411763,1.2758904357048466,1.0437942857142857,0.24835549901058304,0.0003710539511431546
RY1Bit,127.43482,0.005757254901960773,-3.223697604273978,1.0073828571428571,0.2498547873598694,0.0012908121568093996
RY8Bit,128.162,0.006581372549019693,2.4441940477488795,1.8054171428571428,0.25252667197952183,-0.0009414440438548937
Uniform1Bit,127.41403,0.004890588235294091,-0.13026404110459908,0.5968228571428572,0.2500583514101175,0.0047171040691641325
Uniform8Bit,127.60517,0.004434117647058811,-0.9268628532704504,0.5417371428571429,0.25034230180825245,-0.0007991244457452823
LCG,127.7639,0.005039607843137284,11.89232194712652,1.3523657142857144,0.2509244686449149,-0.0013161670199102978
KISS,127.51267,0.0022788235294117776,20.485402724957353,0.7387428571428571,0.24799739516041963,-0.024633717850018676
Hadamard1Bit,127.33696,0.004820588235294118,-0.4481951226608715,1.06992,0.24955795609474551,0.002370226635792636
Hadamard8Bit,127.23923,0.004815882352941177,-1.7489604796992628,0.6031085714285714,0.24874528960591372,-0.0028329122498814115
RY1Bit,127.38604,0.0054337254901960785,-3.9608416000212316,0.8629942857142857,0.24946094843493677,-0.0011116647140027795
RY8Bit,127.1762,0.004704901960784269,0.3312240997105488,0.6398628571428572,0.24881597697176425,0.001000193365985416
Uniform1Bit,127.42462,0.00554137254901961,-2.9232570949874055,1.211817142857143,0.24982248361507098,0.0013511702632666444
Uniform8Bit,127.12805,0.0065047058823529125,-3.202855042491427,1.4096685714285715,0.24851055277180367,-0.00040822152470144343
LCG,127.55485,0.004682549019607851,15.95140317533265,3.2907428571428574,0.2503610157208812,0.0017952054918931287
KISS,127.47831,0.0023578431372549002,22.396179376535628,0.7310171428571429,0.24785215403096048,-0.024742064157298252
Hadamard1Bit,127.32845,0.005010392156862775,-5.522197373449448,0.8216457142857143,0.2500434508381995,0.008522361134068646
Hadamard8Bit,127.70479,0.005129803921568699,-0.2713518339311818,0.18576,0.250681165788975,-0.0014423155141627677
RY1Bit,127.43282,0.004667450980392146,3.287181389229974,0.39254857142857147,0.2498252890256675,0.0010079705988551581
RY8Bit,127.34014,0.0053627450980392455,-0.6418271532392446,1.3052114285714287,0.24990912223616268,0.006376352372787738
Uniform1Bit,127.89077,0.006088627450980377,1.6156793881463256,1.9136,0.25153827947352614,4.499548979251557e-05
Uniform8Bit,127.40131,0.0045074509803921595,1.6854797878085768,0.8115657142857143,0.24991731224501368,0.00363852859860458
LCG,127.34634,0.0037541176470587967,13.001868803000692,0.49065142857142857,0.2498087136965157,0.0048863730534031155
KISS,127.48415,0.002308823529411752,23.317615064333303,0.49314285714285716,0.24782678076684805,-0.02529746134770303
Hadamard1Bit,127.25897,0.0053680392156862725,-1.556838916535975,1.0643657142857144,0.24907237861305975,0.0002007107082244725
Hadamard8Bit,127.64655,0.005817647058823594,2.6890711647280354,1.6277485714285715,0.2501609765040397,-0.004946063795788928
RY1Bit,127.26659,0.00553372549019604,-2.6135904644159624,1.4125714285714286,0.24910390787875678,0.00025040687999664646
RY8Bit,127.3877,0.0048343137254902024,1.7333846313269987,0.49179428571428574,0.24979534516606183,0.002795594552355903
Uniform1Bit,127.31209,0.004841764705882351,3.2541716906317304,0.62336,0.24910774551805068,-0.0018251185017793222
Uniform8Bit,127.84963,0.0056076470588235505,-0.9051715981669995,0.6718857142857143,0.25099592172391966,-0.004471805869881976
LCG,127.45272,0.0038890196078431305,17.40919953138903,0.9045257142857143,0.24942057909622115,-0.00473472318038574
KISS,127.57426,0.0025280392156863396,22.176110135263816,0.6315428571428572,0.24823367187920284,-0.024718334141016884
Hadamard1Bit,127.9296,0.006114509803921586,-2.2972075005171813,1.7773257142857144,0.2515592734550966,-0.0015536347804163781
Hadamard8Bit,127.38452,0.005199999999999982,-0.05000869202610382,0.6554057142857143,0.24946031774811786,-0.0010295544860721983
RY1Bit,127.53303,0.006234509803921484,2.877622189584933,1.8684342857142857,0.25030660764123996,0.0020651635568593825
RY8Bit,127.95585,0.006145098039215702,1.2183460083491533,2.710857142857143,0.251761691780703,-0.0003254918715974135
Uniform1Bit,127.56602,0.004652156862745099,-4.087079186256772,0.33952,0.2500365137446081,-0.0026620714145644256
Uniform8Bit,127.14403,0.0068782352941176295,3.3604355906593653,1.3344914285714287,0.2491205119663623,0.006141773062831237
LCG,127.7779,0.0046627450980392116,16.55840521563833,0.7346057142857143,0.250746192044771,-0.00415088151421365
KISS,127.53679,0.0024092156862745018,22.630582346527934,0.7740571428571429,0.24804783503429076,-0.025200377064173867
Hadamard1Bit,127.90649,0.005623529411764694,-3.1596942759204745,1.1082742857142858,0.25216795881914794,0.006821995976060718
Hadamard8Bit,127.32397,0.004098431372549019,3.7001393731039567,0.3733485714285714,0.24944088441269138,0.0015703599622910614
RY1Bit,127.38255,0.004683333333333373,-0.06620261329308175,0.3863542857142857,0.24957614989452212,0.0004365213028683875
RY8Bit,127.14437,0.0049670588235294355,2.5243135044692133,1.7684114285714287,0.248478006348691,-0.0015748600815966953
Uniform1Bit,127.40857,0.005397843137254915,-2.3854882423284645,0.9034057142857144,0.24957130617057563,-0.0008259890232750964
Uniform8Bit,127.74884,0.004538235294117565,-0.729291484966566,1.3834514285714286,0.25130560386726325,0.0039262187187764875
LCG,127.22668,0.0044692156862745636,16.92092770184865,1.1669485714285714,0.2494870440438337,0.00667370955058291
KISS,127.48694,0.0023182352941176765,21.37935266641606,0.7041142857142857,0.24789629826325305,-0.024654290395493578
Hadamard1Bit,126.94384,0.007050196078431381,1.3247699330842475,1.3783085714285714,0.24811170741464852,0.003444966423717012
Hadamard8Bit,127.57487,0.0049235294117647155,-1.0307511049749456,0.6399771428571429,0.25071747295711927,0.005035207210368664
RY1Bit,127.3663,0.004097450980392159,4.4901905008795095,0.6183542857142857,0.24945254942745554,-0.00028554943132393177
RY8Bit,127.29813,0.00418686274509804,-0.6545669418358901,0.5184914285714286,0.24959368117325828,0.004600897291345538
Uniform1Bit,127.57739,0.004991764705882348,-1.225040714316493,1.1531885714285715,0.25036769952474097,0.000760548423055698
Uniform8Bit,127.61628,0.00422,-0.9160946809937751,1.0373485714285715,0.2503249541530382,-0.0015676390173516846
LCG,127.20973,0.005453725490196071,13.714018463962594,0.5789485714285715,0.2493656304498435,0.00599117827479646
KISS,127.46011,0.0024594117647058766,21.506772535896737,0.7075657142857144,0.24779454376627624,-0.024540909364042216
Hadamard1Bit,127.88392,0.007180588235294105,-3.784445059820924,1.3015314285714286,0.25156903564421723,0.0007055936171740599
Hadamard8Bit,127.61326,0.004597058823529454,-0.6748043409342401,1.216937142857143,0.25074984006279366,0.0036149844298591512
RY1Bit,127.49221,0.00471372549019608,2.2278937379959913,0.92128,0.24974735452852334,-0.002647120118356819
RY8Bit,127.69094,0.005967254901960817,1.3660414008584967,1.22768,0.2505126599901138,-0.002796320061043884
Uniform1Bit,127.02714,0.006287647058823537,1.427507021849997,1.8496685714285714,0.24858026880922154,0.005105446422356022
Uniform8Bit,127.12017,0.005564509803921591,-0.5087734330829552,1.0224914285714286,0.24816295544731673,-0.004137813086818805
LCG,127.67019,0.004732745098039226,15.584987890016718,2.1693942857142856,0.25099287440394225,0.00389247711111776
KISS,127.51196,0.0022982352941176565,22.35579328025974,0.48130285714285714,0.24793253945611515,-0.025298423416086468
Hadamard1Bit,127.43691,0.005435490196078432,-2.9986181432727226,1.1577371428571428,0.24945440811578046,-0.0035510018925202728
Hadamard8Bit,127.80377,0.00592941176470585,-1.3181271109989132,1.4832228571428572,0.2511714602728463,-0.00021059751313486354
RY1Bit,127.60316,0.004579607843137268,-0.5295313791904662,1.0590857142857144,0.2505090425760069,0.0011921153182468727
RY8Bit,127.34193,0.005480980392156859,0.8141915139171823,0.8500114285714286,0.2487604517721415,-0.007402353856261447
Uniform1Bit,127.37523,0.004647058823529407,0.7929403378906567,0.55072,0.24957960690718006,0.0008579114948770792
Uniform8Bit,127.34734,0.0047917647058823565,0.22995074232868476,0.40217142857142857,0.249043627229812,-0.004256535053816105
LCG,127.13791,0.004898627450980353,14.249389582824959,1.2184457142857144,0.24886895358764888,0.003452039506068955
KISS,127.56362,0.002449411764705922,21.556734463387677,0.6996342857142858,0.24818542472237567,-0.024772994333863572
Hadamard1Bit,127.35367,0.004830000000000001,0.6337484413299123,0.2712457142857143,0.24942394260543813,-4.3514655062373936e-05
Hadamard8Bit,127.33576,0.004937450980392159,-3.6647247173688138,0.4857828571428572,0.2493233029216095,-0.00038510436556465525
RY1Bit,127.79601,0.0055362745098039845,-2.4117953250482635,0.5978971428571429,0.2508939417729423,-0.0031572106212828764
RY8Bit,127.36245,0.005196078431372542,0.6882696259143984,1.0413257142857144,0.2494479187006405,-0.0001925591659623959
Uniform1Bit,127.57167,0.004085294117647131,4.395097261639683,0.4402971428571429,0.2504042961229305,0.0014341159206940283
Uniform8Bit,127.51609,0.005110392156862709,1.2276829971790408,0.8059428571428572,0.2503533731992451,0.0035024970107040867
LCG,127.2664,0.004169019607843133,12.63996007347421,1.2664457142857144,0.24908345092678127,2.641110698448793e-05
KISS,127.5442,0.0023992156862744918,23.605973070042307,0.77344,0.24807777781737875,-0.025154939124686488
Hadamard1Bit,127.30405,0.005002549019607838,-3.9698465855765193,0.32032,0.2489351209544402,-0.003530685718583177
Hadamard8Bit,127.61973,0.0053027450980392965,-2.7662920102543556,0.4649371428571429,0.2503017488460129,-0.0020101932997933017
RY1Bit,127.44722,0.004550588235294119,0.3616448743665139,1.1272914285714286,0.2497030100635489,-0.0010591133031899417
RY8Bit,127.42039,0.004700196078431376,-0.7783318381660135,0.5406628571428571,0.2495537198355449,-0.0016498594847276272
Uniform1Bit,127.51502,0.004587450980392156,0.581937266838607,0.6414628571428572,0.25003586198876177,-0.00029860158571590667
Uniform8Bit,127.65038,0.005260196078431423,-3.4467577039399835,1.4384914285714285,0.25108112103804686,0.005827414436580024
LCG,127.29352,0.003947843137254825,16.667085711010174,0.8016228571428572,0.24936268509166962,0.00206803186144276
KISS,127.48153,0.0024092156862745018,22.14799017349477,0.7026971428571429,0.24787569105987223,-0.02461090518956894
Hadamard1Bit,127.5475,0.004860784313725497,-1.8948059555468153,0.6772114285714286,0.2502717111753929,0.0010212931373340705
Hadamard8Bit,127.06916,0.0061439215686274196,1.4694223648333007,0.8851428571428572,0.24852681391096648,0.0025932058772549812
RY1Bit,127.93091,0.006464117647058898,-3.948124512878291,1.5453485714285715,0.2511901754157834,-0.0059679690584574655
RY8Bit,127.25582,0.0048905882352941465,-0.6003667673944684,0.40571428571428575,0.2492403152405196,0.0023606359889634695
Uniform1Bit,127.53047,0.0041199999999999995,-2.440507081653925,0.5807542857142858,0.24962469647763835,-0.005921032194103232
Uniform8Bit,127.81211,0.005393333333333361,-2.4223911281381727,1.0532342857142858,0.2509729015783069,-0.003047314009629
LCG,127.39379,0.004039607843137227,16.596717089466555,1.0680685714285714,0.24926945432468234,-0.003825745591282488
KISS,127.47505,0.002330980392156845,21.04289832740974,0.6878857142857143,0.24781905935168544,-0.02496886585674932
Hadamard1Bit,127.45194,0.005722941176470597,-0.9967026818626573,0.8122971428571429,0.2496957667769703,-0.001381298935931155
Hadamard8Bit,127.82163,0.0058141176470587475,-4.908568343472694,1.2727314285714286,0.250962781061874,-0.0035776817328454992
RY1Bit,127.57934,0.004905882352941093,-3.6647943200167603,0.45728,0.25029709997215016,-0.0001476987606479758
RY8Bit,127.43315,0.005559803921568629,0.4489461756348137,0.7102628571428572,0.24996656025768288,0.002752277261647534
Uniform1Bit,127.4834,0.005217058823529408,-1.4513317866800222,0.21899428571428572,0.24992543750888666,-9.978867786282211e-05
Uniform8Bit,128.26823,0.007454705882352974,0.8569395137827234,2.1490057142857144,0.253228436013696,0.002466316413503387
LCG,127.25874,0.004417254901960765,16.286727756210773,1.52464,0.2489693974986636,-0.0010846356047715213
KISS,127.52936,0.0023772549019608347,22.74606143626507,0.4672,0.24799772949671223,-0.02535959349957602
Hadamard1Bit,127.67916,0.004961764705882388,2.027107224636527,0.8070857142857143,0.25043667845367523,-0.0032075406176884994
Hadamard8Bit,127.49265,0.005710588235294134,-0.08540573921775295,1.8993371428571428,0.250079717098589,0.0013076994901726282
RY1Bit,126.94637,0.007039803921568555,-2.0240762270491772,1.3479085714285715,0.24821123090123587,0.004529641203905764
RY8Bit,126.9259,0.006095294117646977,-2.1490502159610525,1.2341257142857143,0.24769951259681725,-0.000630808223150941
Uniform1Bit,126.81136,0.007714313725490196,1.6773124672153736,1.7429257142857144,0.24728217493631877,-0.0003028406753296236
Uniform8Bit,127.12264,0.005786078431372577,-0.8900149837147413,1.0658057142857142,0.24878032048293838,0.0030443190615377447
LCG,127.64634,0.0038962745098039264,12.285985075959326,1.1554514285714286,0.25037727193881243,-0.002392321145845441
KISS,127.55065,0.0024394117647058566,22.95032345462552,0.7782857142857144,0.24817356193554344,-0.024335724533289454
Hadamard1Bit,127.07818,0.00539470588235294,3.7784600223106315,1.22512,0.248675114509698,0.003889985090606814
Hadamard8Bit,127.55259,0.003932745098039203,1.486301586918695,0.46502857142857146,0.25007645770421283,-0.0015692157806657578
RY1Bit,127.35999,0.004643333333333333,0.5415855056658622,0.6021485714285715,0.24919145139163665,-0.0030746065230492113
RY8Bit,127.26536,0.005658235294117631,1.4827195341464294,0.5912685714285715,0.24905288099401787,-0.0003154099017629715
Uniform1Bit,127.36979,0.004525882352941178,0.32031572135156366,0.16269714285714287,0.24918833286756684,-0.0035734230849134405
Uniform8Bit,127.44833,0.004579411764705887,-5.3196785883164655,0.5177142857142857,0.25003464013878884,0.0028054783232273825
LCG,127.3066,0.005534705882352942,14.347522604472084,1.6922057142857143,0.24917314624895598,-0.0007986245169147037
KISS,127.50813,0.002190392156862786,22.29133145859286,0.7122742857142857,0.2479524950574386,-0.02497893770538717
Hadamard1Bit,127.45741,0.004296862745098107,-1.0645014547632723,0.64496,0.24954952632955643,-0.0033809889603790225
Hadamard8Bit,127.53389,0.00433843137254902,2.195439198149416,0.64688,0.25044031109284864,0.0037047551139371402
RY1Bit,127.75359,0.005873333333333286,0.3302471755991171,0.9002971428571429,0.251024235732557,0.00037565516294913137
RY8Bit,127.95931,0.005656666666666643,0.27090994906508653,0.6127542857142857,0.2518670349333264,0.0007379517376372094
Uniform1Bit,127.29246,0.004274705882352958,2.116850138495796,1.1879771428571428,0.2493671932490156,0.002147810713021783
Uniform8Bit,126.96916,0.005786274509803846,-2.569121497370158,1.78064,0.24804627731013712,0.0014961448853389003
LCG,127.55732,0.004216862745098027,13.94560072106311,1.6125257142857143,0.25052053073394653,0.0035551845193000893
KISS,127.49922,0.0023072549019607924,22.48405701429044,0.7648228571428571,0.24790892414883503,-0.025077723066401488
Hadamard1Bit,127.36639,0.004814705882352943,-2.6072394161650267,0.6071314285714285,0.24994557596479272,0.005601614181944311
Hadamard8Bit,127.66243,0.004834313725490258,0.9739957161601561,0.5653485714285714,0.2506205855599502,-0.00019095834164347157
RY1Bit,127.29465,0.004445294117647058,-4.571437308278706,0.5048457142857143,0.24914596166338215,-0.0005529028409196765
RY8Bit,127.30218,0.005983921568627454,-3.463292466461845,1.1801142857142857,0.24924992148806613,0.0002692209803897328
Uniform1Bit,127.71466,0.004413921568627521,-0.895197273046932,0.5747885714285714,0.25072046552837707,-0.0015133942637408787
Uniform8Bit,127.61374,0.00442666666666669,3.268871745811507,1.5356342857142857,0.250159663611245,-0.0033889722389629606
LCG,127.43756,0.004350392156862726,13.691129042807061,2.66032,0.24977202051912892,0.00023996283199677066
KISS,127.45687,0.002538039215686294,23.902787061149898,0.6352,0.24775433113808293,-0.024905824678940747
Hadamard1Bit,127.26345,0.006910196078431352,1.7024518839585794,2.2080228571428573,0.2487693544371077,-0.003563948061589789
Hadamard8Bit,127.78474,0.006282352941176517,-0.8132335614365286,1.0801142857142858,0.25150871147311415,0.004599328784457971
RY1Bit,127.31153,0.004965294117647068,-1.8974967524322792,0.9565942857142857,0.24897788662623077,-0.0033868689732853836
RY8Bit,127.62714,0.004819215686274525,1.8755792807064287,0.7209142857142857,0.250846161979495,0.00413829515490924
Uniform1Bit,127.69738,0.00427901960784316,0.43772721438894174,2.1649828571428573,0.2507693704388026,-8.603873801555053e-05
Uniform8Bit,127.62645,0.005556078431372513,1.5088010838527932,0.5230857142857143,0.25062961433151265,0.0015774051717031311
LCG,127.97115,0.006380588235294082,16.451689229528416,1.2320914285714286,0.2514463412992471,-0.004844977351040089
KISS,127.55953,0.0024096078431372625,21.36558364098762,0.5168914285714286,0.24813380113808928,-0.02518061537769785
Hadamard1Bit,127.44462,0.0044617647058823595,-0.5873033882079614,0.3543085714285714,0.2498562561942384,0.0008762846419760185
Hadamard8Bit,127.58424,0.005427843137254862,1.9388618031496645,1.0046171428571429,0.2503452411686726,0.00018169077331482575
RY1Bit,127.59181,0.004845098039215734,-0.292195620052232,0.42891428571428575,0.2505447110603347,0.002154596555940436
RY8Bit,127.45036,0.005308627450980374,-0.06496497841269576,1.2914285714285714,0.24996837603901104,0.0019272440562851962
Uniform1Bit,127.85483,0.00594960784313725,3.0229506337275445,0.8737828571428572,0.25157280746202304,0.002114552851306568
Uniform8Bit,127.50399,0.004831176470588172,-5.12464618159442,0.3142857142857143,0.2498228339453707,-0.002272800070987757
LCG,127.17117,0.005415294117647074,14.164450252674673,0.46934857142857145,0.248453670080722,-0.003071532752474382
KISS,127.55544,0.00251529411764706,21.578009596531984,0.6925485714285714,0.24816895904445516,-0.024575007523582847
Hadamard1Bit,127.38109,0.005697058823529416,0.6892273666821023,1.0058514285714286,0.24901542794743664,-0.006154330259298849
Hadamard8Bit,127.27697,0.006575686274509801,2.286253168552865,1.5938742857142858,0.24859513954616755,-0.006247341958536039
RY1Bit,127.76294,0.0058760784313725,2.5971047843567736,0.5806857142857144,0.25088683674226303,-0.001739410578676076
RY8Bit,127.39282,0.005284509803921575,2.5525031704259034,1.9908342857142858,0.24936442151810637,-0.002589201172323666
Uniform1Bit,127.60388,0.004314313725490182,-0.9692467718478168,0.22985142857142857,0.2507808036942321,0.004404810150288487
Uniform8Bit,127.35463,0.005920980392156827,0.9394931688480536,1.9269257142857144,0.2493347441740433,-0.0011322295024750325
LCG,127.27155,0.004318823529411819,15.608827610623953,1.8128685714285715,0.2487895519478053,-0.003742250870941174
KISS,127.49505,0.002399019607843167,24.18390455046329,0.8010057142857143,0.24792442434228326,-0.024671963579313595
Hadamard1Bit,127.5041,0.004344509803921565,-2.6999634147543503,0.4402057142857143,0.24981706887426575,-0.002407895000179815
Hadamard8Bit,127.72121,0.005763921568627484,2.378057283806688,1.2880685714285716,0.2509815069700093,0.0013778932010094773
RY1Bit,127.2336,0.006214313725490195,0.48549708300355077,1.1816,0.24955980478682271,0.007167277083366464
RY8Bit,127.59419,0.004743725490195971,-0.4699112269802598,0.5190171428571428,0.2502270346809586,-0.0016856776792888541
Uniform1Bit,127.18543,0.005333921568627456,-0.23075109720447254,0.8758857142857143,0.24905081961238834,0.0033711134759296536
Uniform8Bit,127.29891,0.0049792156862745185,-3.8451635874080377,1.137417142857143,0.2488503862355056,-0.004258706350277474
LCG,127.21845,0.004698627450980375,17.104428378507723,2.857051428571429,0.24901814062354075,0.0014711089723941407
KISS,127.49646,0.002249215686274564,21.170980473202906,0.7115428571428571,0.24789652110285126,-0.025050402597293936
Hadamard1Bit,127.41806,0.004722745098039216,-2.477091030999865,0.71552,0.24990961112994356,0.0027606221122332807
Hadamard8Bit,127.62437,0.004776470588235271,1.7600819809502357,0.5461485714285714,0.2501904856034357,-0.0035583766516644106
RY1Bit,127.46223,0.005786666666666662,1.480851084425983,0.8676114285714286,0.24975899370681146,-0.0010904804072777953
RY8Bit,127.13707,0.005246470588235297,4.613108893492263,1.7608457142857143,0.24855632178005338,-0.0002273708324229673
Uniform1Bit,127.47766,0.004519019607843178,-0.6293401503981524,0.4712457142857143,0.2496604198644822,-0.0030138021368114128
Uniform8Bit,127.55881,0.004259215686274506,-1.5953975258417377,0.8344,0.2501441002107073,-0.0010060744972570132
LCG,127.22418,0.00578843137254903,13.432813603174269,1.7680228571428571,0.24865551185307955,-0.0031808980071562133
KISS,127.4565,0.002428039215686295,22.33492591719424,0.6128685714285714,0.24774594304958844,-0.02495903047652188
Hadamard1Bit,127.45756,0.005480392156862746,-0.19853855294052195,0.92608,0.24978894679373534,-0.000515708038290812
Hadamard8Bit,127.77715,0.005031764705882402,0.6617730884148905,0.6621942857142857,0.25104767833529595,-0.0005111735300602214
RY1Bit,128.05393,0.00721705882352941,0.7650667916766307,1.9842285714285715,0.2525891305818039,0.004929961058163423
RY8Bit,127.67097,0.0048756862745098495,-0.7600512344309664,0.36578285714285713,0.25100278007778093,0.003938925671976013
Uniform1Bit,127.41875,0.004271764705882419,0.3758376319994912,0.5127542857142857,0.24938822321710108,-0.003457305972934906
Uniform8Bit,127.06296,0.006885098039215665,0.5353531965390642,1.48496,0.24837075867874503,0.0009638925319515915
LCG,127.5746,0.0036062745098039417,14.774264963532495,1.063062857142857,0.2502557491549515,-0.0004712737955460246
KISS,127.58474,0.002579607843137266,21.350377099772434,0.5530742857142857,0.2482247724438036,-0.025241359284981474
Hadamard1Bit,127.26682,0.004369215686274519,0.5711110770832252,1.4645485714285715,0.24915847543711608,0.0008829847387030104
Hadamard8Bit,127.57126,0.004167058823529413,-0.17436238733215234,0.49014857142857143,0.25055731218596244,0.0032841367253226106
RY1Bit,127.32941,0.004918235294117612,-1.8574721162417744,1.7110857142857143,0.24856641046226158,-0.009172753505631374
RY8Bit,127.43038,0.005762549019607821,-3.3494268714413744,0.7034742857142857,0.2501013920558271,0.004421347599359584
Uniform1Bit,127.45655,0.00495078431372549,-1.8772240872239006,0.7396571428571429,0.25004686878856486,0.002623772601585257
Uniform8Bit,127.42226,0.004769215686274517,2.967965322446191,0.29609142857142856,0.24948519658206708,-0.0024786643899799296
LCG,128.09203,0.0076323529411764235,14.531032322131836,2.68448,0.25237971287825417,0.0006275816539450824
KISS,127.53213,0.002299215686274503,21.98538359945567,0.7432228571428572,0.24808922076148993,-0.02446529236564797
Hadamard1Bit,127.78146,0.005326274509803941,-3.494794201666319,0.42400000000000004,0.2511280040904954,0.0002389115784794156
Hadamard8Bit,127.4839,0.004555294117647102,0.5156621820569679,1.1306514285714286,0.2499235554447023,-0.00015212325934236404
RY1Bit,127.08917,0.006807254901960796,-0.8645949081127747,1.1965485714285715,0.24845705204456528,0.0007735007758478253
RY8Bit,127.37827,0.004605882352941175,0.9769536575022286,0.6219885714285714,0.24924813277352514,-0.003270753993224593
Uniform1Bit,127.3451,0.004710784313725486,2.2389421091502117,0.34187428571428574,0.2493764596238802,-0.0001744464273856391
Uniform8Bit,127.36875,0.004549411764705913,-4.4338909917233025,1.75264,0.24961791163471114,0.0016287192259531215
LCG,127.3938,0.0034835294117647186,16.26543811045706,0.6058742857142857,0.2501022715725039,0.006158751838089948
KISS,127.49983,0.002279019607843158,22.144146787291074,0.7737142857142858,0.24792215150140828,-0.024944421281695793
Hadamard1Bit,127.87622,0.005597843137254865,-0.2421739691542314,0.8283885714285715,0.2516999638277801,0.0026334660732666927
Hadamard8Bit,127.44352,0.005391764705882429,-1.4674473015249336,1.2359085714285716,0.2501038848143205,0.003867491011873698
RY1Bit,127.85845,0.005885294117647044,-1.9951564660997825,0.9448914285714286,0.2513468565673774,-0.0006845520544542218
RY8Bit,127.40772,0.005247254901960791,-0.7526042994331874,1.1779428571428572,0.24962668511729055,-0.00013308489906802538
Uniform1Bit,127.28023,0.004837058823529361,-3.7427381095817847,1.4087542857142858,0.2487528856834142,-0.004587194875749079
Uniform8Bit,127.48722,0.004421372549019642,-2.332120474429032,0.8681142857142857,0.2497688023400816,-0.0021565304557475276
LCG,127.74088,0.0044750980392157524,9.002803507053509,0.3685257142857143,0.2513137469706118,0.00436418723832206
KISS,127.48851,0.0023478431372549458,22.225930685556285,0.70576,0.247889847602821,-0.024779112615106662
Hadamard1Bit,127.38305,0.004309019607843134,-2.34841076537557,1.1301257142857144,0.24982704882796952,0.003384175512636492
Hadamard8Bit,127.43608,0.00402,0.26792367617816804,0.8184914285714286,0.2495276426812687,-0.002657363543618814
RY1Bit,127.56597,0.005297843137254898,-1.2084896716718172,1.4383542857142857,0.2503510546831691,0.0011408238265691788
RY8Bit,127.25207,0.005777058823529413,-0.9143545708283058,2.3560685714285716,0.24863390933025148,-0.004718092859465653
Uniform1Bit,127.75787,0.0048156862745097895,2.885539241587469,0.8472685714285715,0.250956242588184,-0.0006518864794953751
Uniform8Bit,127.7172,0.005850196078431402,0.5051211644343826,1.230697142857143,0.25057592505952203,-0.0032675429359037135
LCG,127.34186,0.003762745098039255,12.98389408250016,1.9072685714285715,0.24916297175275032,-0.002624437178389072
KISS,127.47652,0.002328039215686306,21.99624431560483,0.5285257142857143,0.24781341669625936,-0.025113820863774214
Hadamard1Bit,127.56948,0.004575294117647059,1.9771474734375571,0.9251657142857144,0.24996236536759886,-0.003700035288933412
Hadamard8Bit,127.35474,0.004911960784313774,0.3480385852324706,0.8522971428571429,0.24963595287625123,0.0024800865549396015
RY1Bit,127.8249,0.0056205882352940995,3.9654663833666546,1.3793371428571428,0.2509718685806625,-0.0036711178023922098
RY8Bit,127.54788,0.004332156862745018,-3.537348466882431,0.9977600000000001,0.25093094268120386,0.008888805494285279
Uniform1Bit,127.65395,0.005176078431372522,2.7782662226196173,2.7371885714285717,0.25037604685927584,-0.0027350449886816377
Uniform8Bit,127.44141,0.005353333333333321,-2.4795219447722485,1.7856685714285716,0.24976099249650646,-0.00014362171007789015
LCG,127.70131,0.005153725490196104,13.526222201422028,1.4279542857142857,0.2507119410294401,-0.0009023787360743957
KISS,127.56406,0.002498039215686254,24.040946912356436,0.5669942857142858,0.24817099628128214,-0.024938029060075813
Hadamard1Bit,127.41919,0.004132156862745099,-3.1658395439337927,1.2654400000000001,0.2491752685308452,-0.00605675788090993
Hadamard8Bit,127.31443,0.004873921568627454,-0.524801327696193,0.6096685714285714,0.2490489283208859,-0.0026972632912922985
RY1Bit,127.38917,0.004697843137254909,1.1948530883925166,0.6529371428571429,0.2496071261366153,0.00048230000556052173
RY8Bit,127.2585,0.0053676470588235325,-1.3553792619635086,1.3855314285714286,0.24910608860029124,0.0006320951961319239
Uniform1Bit,127.29181,0.004610392156862736,1.0272794669715521,0.7647542857142857,0.24885338818786454,-0.0039370108154032375
Uniform8Bit,127.63873,0.0059454901960783735,-3.194841658811192,2.0877942857142857,0.2499303730445985,-0.007279460917994577
LCG,127.46238,0.00441686274509806,13.108927614725323,1.9299428571428572,0.25016041456069965,0.003744420410433535
KISS,127.52923,0.002319215686274523,23.92509173708807,0.7967085714285714,0.24803125970513915,-0.025055604303774105
Hadamard1Bit,127.81974,0.005408823529411744,-0.2195036668771495,1.8464,0.25144297225363305,0.002263125927375713
Hadamard8Bit,127.61861,0.004967450980392196,3.596762506324985,0.6160457142857143,0.2502044000832148,-0.0031175481968971127
RY1Bit,127.73631,0.005517254901960755,0.20349933541180285,1.27408,0.2509591694917324,0.0003607681410347255
RY8Bit,127.48482,0.004699607843137256,2.1185834173031592,0.3914971428571429,0.25000947202859264,0.0008069905554991748
Uniform1Bit,127.38431,0.004033333333333333,0.8800855252318543,0.20649142857142858,0.24933613088533738,-0.002498035011538882
Uniform8Bit,127.46402,0.004808235294117641,-2.0579630055795315,0.8720685714285714,0.24959388648096067,-0.0031422512606125337
LCG,127.52302,0.0034058823529411475,13.976887529373272,1.7812342857142858,0.24948655299701533,-0.007297811268014955
KISS,127.51999,0.00230882352941178,22.696364062115805,0.7416685714285715,0.24802820054344465,-0.02464380162829176
Hadamard1Bit,127.50777,0.005022156862745097,-2.0020223368933276,0.5482057142857143,0.25045193166272156,0.0050325446916187335
Hadamard8Bit,127.45767,0.0044492156862745436,2.149295975726329,0.5975771428571429,0.24995459166433315,0.0014491311465322457
RY1Bit,127.51502,0.004574901960784361,3.904841454734646,0.7643657142857143,0.2505979254333099,0.006373224754160578
RY8Bit,127.73641,0.0067947058823529805,2.381471653638332,0.98192,0.2505970168505967,-0.003961298737327141
Uniform1Bit,127.4515,0.004990196078431375,-2.973905689045787,0.17152,0.25001377580096007,0.0024547654054640237
Uniform8Bit,127.34018,0.00466843137254902,-1.612474133383846,0.8994057142857144,0.24947432188662536,0.0012079115729238857
LCG,127.08052,0.005255686274509785,16.67936037497781,1.1127085714285714,0.24847622070991873,0.0013837221051478733
KISS,127.47547,0.0023678431372549102,22.809178575545282,0.73344,0.24783975513726747,-0.024734549305573002
Hadamard1Bit,127.86619,0.0051405882352941745,1.3511811079577862,0.73632,0.2517338117633372,0.0035089160684529538
Hadamard8Bit,127.50753,0.004301764705882394,2.4074560273625907,0.35094857142857144,0.25044109064696857,0.004907330817307721
RY1Bit,127.70414,0.0051670588235294135,0.43118854980574794,0.9932342857142857,0.2509905409703845,0.0022391903814230766
RY8Bit,127.36318,0.0057676470588234885,0.24920529166288083,0.6616228571428572,0.24897164819398915,-0.00586136594190807
Uniform1Bit,127.48941,0.005108235294117636,-2.2786746886468965,0.27499428571428575,0.2503886999654312,0.0051298187208291424
Uniform8Bit,127.54383,0.004838235294117643,2.27573309811812,0.36098285714285716,0.2502213154388346,0.000586867153998225
LCG,127.36461,0.004469411764705888,14.245668771283077,0.7190171428571429,0.24967331826335726,0.0024400896995136066
KISS,127.48382,0.0023388235294117543,21.805545140598255,0.47104,0.2478326816332384,-0.025183188051674223
Hadamard1Bit,127.36168,0.004774313725490198,3.055318778275418,0.4994514285714286,0.24955033571866267,0.0010660283372491267
Hadamard8Bit,127.39772,0.004425294117647055,-1.147631014337277,0.7493714285714286,0.24967601433030628,0.0009217498952032852
RY1Bit,127.45585,0.004561764705882432,-0.46941445144965405,0.08562285714285714,0.24987481724105937,0.0005675206232879561
RY8Bit,127.53186,0.004865882352941164,2.1879229881789186,0.6585371428571429,0.24984741858183465,-0.0032956708565831296
Uniform1Bit,127.38318,0.004514509803921568,1.4836342895256385,0.8634057142857143,0.24943211000737484,-0.0013233317856161148
Uniform8Bit,127.54149,0.00411843137254902,-0.5409365992266355,0.4077942857142857,0.25010025894184,-0.0007324979620228235
LCG,127.62495,0.003597450980392103,15.966189732921599,0.80176,0.2504441435033328,-0.000606708594312976
KISS,127.57645,0.002549411764705911,23.071672607609443,0.6445028571428572,0.2482235450574425,-0.02486062390148156
Hadamard1Bit,127.369,0.005662352941176466,1.184493004398936,1.866537142857143,0.24938158293539894,-0.001225997600850841
Hadamard8Bit,127.69475,0.005342941176470606,-2.687046458119619,1.123017142857143,0.25113464175780004,0.004373820997403647
RY1Bit,127.38312,0.005467450980392155,-0.14686312387863007,0.5037028571428571,0.2486668225390463,-0.010414252932509192
RY8Bit,127.84209,0.0062876470588235644,0.2898560652947422,1.1872,0.2515651920071686,0.002632021776648011
Uniform1Bit,127.80432,0.005301568627451014,-0.23602923761720077,0.8001142857142858,0.2511625468426915,-0.0003799969989426613
Uniform8Bit,127.45712,0.004058431372549019,0.7968675543804316,1.093942857142857,0.2501136230124308,0.0033702492961771888
LCG,127.47147,0.00413843137254899,14.265353415660003,1.5013942857142857,0.24959192936796373,-0.003589306123121912
KISS,127.53141,0.0023592156862745073,23.652670722223935,0.7750857142857143,0.2480290146999898,-0.0251480052692438
Hadamard1Bit,127.35913,0.0044296078431372565,-1.9579838875843518,0.4447542857142857,0.2498713047107383,0.005056687457660275
Hadamard8Bit,127.72007,0.0049627450980391785,2.1967400158326083,0.6669485714285714,0.25090608660795966,0.0005286439916540384
RY1Bit,127.69168,0.0047264705882352764,0.7883720208643186,0.75488,0.2506686507849294,-0.0009851157325712684
RY8Bit,127.46753,0.0053962745098039555,4.306126606949847,0.9121828571428572,0.250023532607489,0.001769329944940086
Uniform1Bit,127.62802,0.00450803921568621,0.05086791996968655,0.8661485714285715,0.2503436643747464,-0.0018799245255012237
Uniform8Bit,127.18012,0.005021764705882351,1.8248104637405984,0.4605257142857143,0.24847900566663947,-0.0031738670852832214
LCG,127.48349,0.0035299999999999776,15.750101945265865,2.2938514285714287,0.24985189029129926,-0.0009726882940093469
KISS,127.49428,0.0022782352941176365,21.918234650411172,0.7024457142857143,0.24792620090753123,-0.024617767104794727
Hadamard1Bit,127.55095,0.005033921568627475,1.861696991658781,0.7870400000000001,0.25041780060245833,0.002577217225992776
Hadamard8Bit,127.4352,0.005056862745098039,1.1976856193268544,0.47924571428571433,0.24956209638989868,-0.00217473089801146
RY1Bit,127.13539,0.005277843137254878,-0.2307399687130815,1.0487085714285715,0.2485165828205775,-0.000680704816556996
RY8Bit,127.64448,0.0050290196078431396,0.9584470364724089,0.4340114285714286,0.25082937103880343,0.00312909231722244
Uniform1Bit,127.6051,0.004053725490196079,-3.0762686697430173,1.00096,0.25024189173071526,-0.0020480530878190296
Uniform8Bit,127.95658,0.005738039215686275,-7.549510191719535,0.9437942857142857,0.25140000342717794,-0.004704702708862971
LCG,127.8842,0.005477647058823476,18.1143818537,1.0711085714285715,0.2513084880175955,-0.0023649713802184323
KISS,127.45721,0.0024494117647058666,21.56062539930956,0.7297600000000001,0.24778610415861985,-0.024544309427183292
Hadamard1Bit,127.12853,0.00759647058823526,-3.5494122155847454,2.33408,0.24831052631941328,-0.0027719634207441575
Hadamard8Bit,127.37405,0.005502745098039219,-1.3843910437631648,0.82384,0.24942395660019265,-0.0009399981994041546
RY1Bit,127.80681,0.005592745098039198,3.779983641115865,1.047337142857143,0.2512907243643781,0.001065699842399953
RY8Bit,127.70642,0.005951764705882323,-2.2477431829464716,1.1648,0.25051377265022123,-0.0035292402553556593
Uniform1Bit,127.75241,0.005304509803921609,3.1908305136032995,0.6095085714285714,0.2507975578794624,-0.0022969414303917668
Uniform8Bit,127.41989,0.004871764705882353,-3.01105422850648,2.2340114285714288,0.24981686756505803,0.0015306675424921255
LCG,127.40895,0.004747254901960818,13.165359436781232,2.426765714285714,0.24945931273999528,-0.002227411196108107
KISS,127.50908,0.0022982352941176565,21.63136304946232,0.47373714285714286,0.24792312144574902,-0.025311482600889654
Hadamard1Bit,127.68185,0.005598627450980387,1.5030654852659777,0.27899428571428575,0.25065978810499423,-0.0006495009682745075
Hadamard8Bit,127.44153,0.004680784313725539,1.2698873433929785,2.52224,0.25001845743178425,0.0030023360113210435
RY1Bit,127.23938,0.004628039215686275,0.3343525131747023,1.0785371428571429,0.24888705050064314,-0.0011151718912251263
RY8Bit,127.05476,0.0061054901960784225,0.28423146009834677,1.3167771428571429,0.24841600142260453,0.001857038725675744
Uniform1Bit,127.18622,0.005454509803921592,-1.685870665161041,0.30178285714285713,0.24914587554179854,0.004472334194771398
Uniform8Bit,127.4261,0.0042850980392156734,1.6261090449335451,0.32621714285714287,0.24946827707415833,-0.0028737280000784484
LCG,127.43779,0.00437313725490196,16.032200309780624,1.9818057142857144,0.24996304726599475,0.0024565322612021207
KISS,127.56586,0.0024594117647058766,23.813823181606598,0.7175085714285715,0.24819457544825446,-0.024745756743252103
Hadamard1Bit,127.56077,0.005421372549019643,2.44600572404674,1.7197257142857143,0.25032455322630903,0.0010123964328840375
Hadamard8Bit,127.45934,0.004677254901960776,-3.8240547223650263,0.39981714285714287,0.24981229543168254,-0.0003659191286659421
RY1Bit,127.38749,0.0047301960784313785,0.21641892125737747,0.3227885714285714,0.24997501801238234,0.004915520622093492
RY8Bit,127.39198,0.004501372549019611,0.578863189232841,0.5968457142857143,0.2497897854026587,0.0025402674924651083
Uniform1Bit,127.24559,0.005770980392156844,-0.5154726976151445,1.2261257142857143,0.24953025108874516,0.006263006239688075
Uniform8Bit,127.35782,0.00421372549019608,3.7346198352854265,1.031497142857143,0.2491384098769837,-0.0036636623053004137
LCG,127.43348,0.003608627450980395,11.242843720898906,1.7136914285714286,0.24947403045733652,-0.003160317696785591
KISS,127.53877,0.0023592156862745073,21.95955048456427,0.7396114285714286,0.24806001662477284,-0.02514676059389499
Hadamard1Bit,127.35186,0.0045835294117647085,3.119263306837854,1.426742857142857,0.2497309005385321,0.003686824738842577
Hadamard8Bit,126.943,0.006804117647058849,2.871492156662663,1.2103314285714286,0.24773750867073704,-0.0010346051810658811
RY1Bit,127.4833,0.004758627450980393,-5.439340396597499,0.35218285714285713,0.25011139461644427,0.002121158607919323
RY8Bit,127.66775,0.005222352941176567,0.952659838503635,0.6924342857142858,0.2504090777163036,-0.0029660888568778018
Uniform1Bit,127.28979,0.005450784313725476,-1.708852623745448,1.7899657142857144,0.24923137458979153,0.0006667715648203704
Uniform8Bit,127.18606,0.005519215686274517,1.8436688301228494,1.0070857142857144,0.24876325687516812,-0.00012222164723169328
LCG,127.1701,0.004928627450980397,13.09193390637964,0.5331657142857144,0.2488150284040326,0.001254695286409159
KISS,127.4889,0.002349215686274553,24.645650146730215,0.7149028571428572,0.2479022375767791,-0.024677622020360845
Hadamard1Bit,127.52505,0.004120392156862773,1.699093439566076,2.6835657142857143,0.2500552262731363,-0.0005263041954818887
Hadamard8Bit,127.37644,0.0040668627450980155,2.671878455983881,0.67184,0.24982802799961873,0.0037340237405004834
RY1Bit,127.36231,0.004297450980392158,0.564975222764163,0.8440685714285715,0.24931640166074395,-0.0017061246457115604
RY8Bit,127.28654,0.00512117647058824,-1.8146875467967694,1.0243200000000001,0.24883938758649723,-0.0038975422371307607
Uniform1Bit,127.3644,0.005203529411764718,1.312259355921936,0.3053257142857143,0.24959660269420775,0.0015046999226248458
Uniform8Bit,127.64949,0.005240392156862672,1.539929950620052,0.6415314285714286,0.25031931272791846,-0.00319453428993467
LCG,127.72285,0.004273333333333296,19.67447516279191,1.744777142857143,0.25103006293423136,0.001916938285727375
KISS,127.47218,0.002368627450980376,21.679324759791943,0.6861028571428571,0.24780592258056383,-0.025026211904661744
Hadamard1Bit,127.77856,0.004998627450980342,-2.8553607695361674,0.6575542857142858,0.25067170348750567,-0.004989613017253145
Hadamard8Bit,126.94944,0.006799019607843182,0.09306002295489316,0.9261942857142857,0.2477674186968704,-0.0009660101784002312
RY1Bit,127.4391,0.00565549019607843,-2.6357433829237125,0.10093714285714286,0.24988985145521955,0.0015326677174213705
RY8Bit,127.3663,0.004458823529411765,-0.40749227516189424,0.5257142857142857,0.2491556331172674,-0.0038098716663529366
Uniform1Bit,127.41165,0.004811176470588152,-0.03960090850802694,2.785211428571429,0.24991869157446095,0.0031301260032391177
Uniform8Bit,127.77414,0.00515117647058827,-1.1660728450312112,0.7376228571428571,0.2513517204376167,0.003274225598674646
LCG,127.75525,0.005456078431372524,14.605268102456021,1.4715657142857144,0.2510222863089818,0.0002394152821430196
KISS,127.53411,0.0023772549019608347,21.990236510722376,0.46898285714285715,0.2480264865701345,-0.02527318727200344
Hadamard1Bit,127.55166,0.004415490196078453,0.3965111103630227,0.7786742857142858,0.24981299117104527,-0.004601449529760954
Hadamard8Bit,127.30999,0.005330392156862734,1.3460693765516014,0.7385142857142858,0.24926272223122048,0.00012238053232468
RY1Bit,127.66766,0.004542549019607822,2.414203761514115,0.9965028571428571,0.25019442259012825,-0.005505661601943691
RY8Bit,127.2853,0.0045970588235293985,-2.099746967987831,0.72192,0.2489552251154906,-0.0024415662730496134
Uniform1Bit,128.01299,0.006603137254902025,2.003795268862993,1.2417828571428573,0.2525520375542063,0.006369524255030149
Uniform8Bit,127.40506,0.005065490196078437,3.002810815419401,0.42612571428571433,0.25002177926431013,0.0046701718593707125
LCG,127.27408,0.004343137254901985,12.83016579083561,0.6769828571428572,0.24903854390331998,-0.0008802496449298335
KISS,127.54779,0.0024178431372549047,21.286644241752356,0.7582628571428571,0.2481489609974926,-0.02447199463389727
